file,line,type,commit,author,date,time,timezone,datetime,depth,length
style.css,1,css,fc07d2e6,kangyuj0531,2025-01-17,17:13:04,-08:00,2025-01-17T17:13:04-08:00,0,6
style.css,2,css,fc07d2e6,kangyuj0531,2025-01-17,17:13:04,-08:00,2025-01-17T17:13:04-08:00,0,32
style.css,3,css,409fffeb,kangyuj0531,2025-01-24,22:29:52,-08:00,2025-01-24T22:29:52-08:00,0,24
style.css,4,css,fc07d2e6,kangyuj0531,2025-01-17,17:13:04,-08:00,2025-01-17T17:13:04-08:00,0,0
style.css,5,css,fc07d2e6,kangyuj0531,2025-01-17,17:13:04,-08:00,2025-01-17T17:13:04-08:00,0,0
style.css,6,css,fc07d2e6,kangyuj0531,2025-01-17,17:13:04,-08:00,2025-01-17T17:13:04-08:00,0,5
style.css,7,css,fc07d2e6,kangyuj0531,2025-01-17,17:13:04,-08:00,2025-01-17T17:13:04-08:00,0,33
style.css,8,css,409fffeb,kangyuj0531,2025-01-24,22:29:52,-08:00,2025-01-24T22:29:52-08:00,0,21
style.css,9,css,fc07d2e6,kangyuj0531,2025-01-17,17:13:04,-08:00,2025-01-17T17:13:04-08:00,0,0
style.css,10,css,fc07d2e6,kangyuj0531,2025-01-17,17:13:04,-08:00,2025-01-17T17:13:04-08:00,0,0
style.css,11,css,799139e3,kangyuj0531,2025-01-10,01:10:25,-08:00,2025-01-10T01:10:25-08:00,0,5
style.css,12,css,d176cf78,kangyuj0531,2025-01-17,23:22:36,-08:00,2025-01-17T23:22:36-08:00,0,44
style.css,13,css,d176cf78,kangyuj0531,2025-01-17,23:22:36,-08:00,2025-01-17T23:22:36-08:00,0,43
style.css,14,css,d176cf78,kangyuj0531,2025-01-17,23:22:36,-08:00,2025-01-17T23:22:36-08:00,0,1
style.css,15,css,d176cf78,kangyuj0531,2025-01-17,23:22:36,-08:00,2025-01-17T23:22:36-08:00,0,24
style.css,16,css,d176cf78,kangyuj0531,2025-01-17,23:22:36,-08:00,2025-01-17T23:22:36-08:00,0,16
style.css,17,css,d176cf78,kangyuj0531,2025-01-17,23:22:36,-08:00,2025-01-17T23:22:36-08:00,0,43
style.css,18,css,d176cf78,kangyuj0531,2025-01-17,23:22:36,-08:00,2025-01-17T23:22:36-08:00,0,16
style.css,19,css,d176cf78,kangyuj0531,2025-01-17,23:22:36,-08:00,2025-01-17T23:22:36-08:00,0,18
style.css,20,css,c9fb0ccf,kangyuj0531,2025-02-07,21:44:59,-08:00,2025-02-07T21:44:59-08:00,0,0
style.css,21,css,c9fb0ccf,kangyuj0531,2025-02-07,21:44:59,-08:00,2025-02-07T21:44:59-08:00,0,0
style.css,22,css,c9fb0ccf,kangyuj0531,2025-02-07,21:44:59,-08:00,2025-02-07T21:44:59-08:00,0,4
style.css,23,css,c9fb0ccf,kangyuj0531,2025-02-07,21:44:59,-08:00,2025-02-07T21:44:59-08:00,0,13
style.css,24,css,c9fb0ccf,kangyuj0531,2025-02-07,21:44:59,-08:00,2025-02-07T21:44:59-08:00,0,18
style.css,25,css,c9fb0ccf,kangyuj0531,2025-02-07,21:44:59,-08:00,2025-02-07T21:44:59-08:00,0,49
style.css,26,css,c9fb0ccf,kangyuj0531,2025-02-07,21:44:59,-08:00,2025-02-07T21:44:59-08:00,0,0
style.css,27,css,c9fb0ccf,kangyuj0531,2025-02-07,21:44:59,-08:00,2025-02-07T21:44:59-08:00,0,0
style.css,28,css,c9fb0ccf,kangyuj0531,2025-02-07,21:44:59,-08:00,2025-02-07T21:44:59-08:00,0,6
style.css,29,css,c9fb0ccf,kangyuj0531,2025-02-07,21:44:59,-08:00,2025-02-07T21:44:59-08:00,0,10
style.css,30,css,c9fb0ccf,kangyuj0531,2025-02-07,21:44:59,-08:00,2025-02-07T21:44:59-08:00,0,17
style.css,31,css,c9fb0ccf,kangyuj0531,2025-02-07,21:44:59,-08:00,2025-02-07T21:44:59-08:00,0,0
style.css,32,css,c9fb0ccf,kangyuj0531,2025-02-07,21:44:59,-08:00,2025-02-07T21:44:59-08:00,0,0
style.css,33,css,c9fb0ccf,kangyuj0531,2025-02-07,21:44:59,-08:00,2025-02-07T21:44:59-08:00,0,6
style.css,34,css,c9fb0ccf,kangyuj0531,2025-02-07,21:44:59,-08:00,2025-02-07T21:44:59-08:00,0,7
style.css,35,css,c9fb0ccf,kangyuj0531,2025-02-07,21:44:59,-08:00,2025-02-07T21:44:59-08:00,0,21
style.css,36,css,c9fb0ccf,kangyuj0531,2025-02-07,21:44:59,-08:00,2025-02-07T21:44:59-08:00,0,14
style.css,37,css,c9fb0ccf,kangyuj0531,2025-02-07,21:44:59,-08:00,2025-02-07T21:44:59-08:00,0,18
style.css,38,css,c9fb0ccf,kangyuj0531,2025-02-07,21:44:59,-08:00,2025-02-07T21:44:59-08:00,0,14
style.css,39,css,c9fb0ccf,kangyuj0531,2025-02-07,21:44:59,-08:00,2025-02-07T21:44:59-08:00,0,0
style.css,40,css,c9fb0ccf,kangyuj0531,2025-02-07,21:44:59,-08:00,2025-02-07T21:44:59-08:00,0,0
style.css,41,css,c9fb0ccf,kangyuj0531,2025-02-07,21:44:59,-08:00,2025-02-07T21:44:59-08:00,0,10
style.css,42,css,c9fb0ccf,kangyuj0531,2025-02-07,21:44:59,-08:00,2025-02-07T21:44:59-08:00,0,44
style.css,43,css,c9fb0ccf,kangyuj0531,2025-02-07,21:44:59,-08:00,2025-02-07T21:44:59-08:00,0,21
style.css,44,css,c9fb0ccf,kangyuj0531,2025-02-07,21:44:59,-08:00,2025-02-07T21:44:59-08:00,0,0
style.css,45,css,c9fb0ccf,kangyuj0531,2025-02-07,21:44:59,-08:00,2025-02-07T21:44:59-08:00,0,0
style.css,46,css,c9fb0ccf,kangyuj0531,2025-02-07,21:44:59,-08:00,2025-02-07T21:44:59-08:00,0,12
style.css,47,css,c9fb0ccf,kangyuj0531,2025-02-07,21:44:59,-08:00,2025-02-07T21:44:59-08:00,0,46
style.css,48,css,c9fb0ccf,kangyuj0531,2025-02-07,21:44:59,-08:00,2025-02-07T21:44:59-08:00,0,70
style.css,49,css,c9fb0ccf,kangyuj0531,2025-02-07,21:44:59,-08:00,2025-02-07T21:44:59-08:00,0,0
style.css,50,css,c9fb0ccf,kangyuj0531,2025-02-07,21:44:59,-08:00,2025-02-07T21:44:59-08:00,0,0
style.css,51,css,c9fb0ccf,kangyuj0531,2025-02-07,21:44:59,-08:00,2025-02-07T21:44:59-08:00,0,14
style.css,52,css,c9fb0ccf,kangyuj0531,2025-02-07,21:44:59,-08:00,2025-02-07T21:44:59-08:00,0,18
style.css,53,css,c9fb0ccf,kangyuj0531,2025-02-07,21:44:59,-08:00,2025-02-07T21:44:59-08:00,0,9
style.css,54,css,c9fb0ccf,kangyuj0531,2025-02-07,21:44:59,-08:00,2025-02-07T21:44:59-08:00,0,11
style.css,55,css,c9fb0ccf,kangyuj0531,2025-02-07,21:44:59,-08:00,2025-02-07T21:44:59-08:00,0,14
style.css,56,css,c9fb0ccf,kangyuj0531,2025-02-07,21:44:59,-08:00,2025-02-07T21:44:59-08:00,0,20
style.css,57,css,c9fb0ccf,kangyuj0531,2025-02-07,21:44:59,-08:00,2025-02-07T21:44:59-08:00,0,12
style.css,58,css,c9fb0ccf,kangyuj0531,2025-02-07,21:44:59,-08:00,2025-02-07T21:44:59-08:00,0,0
style.css,59,css,c9fb0ccf,kangyuj0531,2025-02-07,21:44:59,-08:00,2025-02-07T21:44:59-08:00,0,0
style.css,60,css,c9fb0ccf,kangyuj0531,2025-02-07,21:44:59,-08:00,2025-02-07T21:44:59-08:00,0,5
style.css,61,css,c9fb0ccf,kangyuj0531,2025-02-07,21:44:59,-08:00,2025-02-07T21:44:59-08:00,0,13
style.css,62,css,c9fb0ccf,kangyuj0531,2025-02-07,21:44:59,-08:00,2025-02-07T21:44:59-08:00,0,31
style.css,63,css,c9fb0ccf,kangyuj0531,2025-02-07,21:44:59,-08:00,2025-02-07T21:44:59-08:00,0,8
style.css,64,css,c9fb0ccf,kangyuj0531,2025-02-07,21:44:59,-08:00,2025-02-07T21:44:59-08:00,0,0
style.css,65,css,c9fb0ccf,kangyuj0531,2025-02-07,21:44:59,-08:00,2025-02-07T21:44:59-08:00,0,0
style.css,66,css,c9fb0ccf,kangyuj0531,2025-02-07,21:44:59,-08:00,2025-02-07T21:44:59-08:00,0,5
style.css,67,css,c9fb0ccf,kangyuj0531,2025-02-07,21:44:59,-08:00,2025-02-07T21:44:59-08:00,0,13
style.css,68,css,c9fb0ccf,kangyuj0531,2025-02-07,21:44:59,-08:00,2025-02-07T21:44:59-08:00,0,30
style.css,69,css,c9fb0ccf,kangyuj0531,2025-02-07,21:44:59,-08:00,2025-02-07T21:44:59-08:00,0,0
style.css,70,css,c9fb0ccf,kangyuj0531,2025-02-07,21:44:59,-08:00,2025-02-07T21:44:59-08:00,0,0
style.css,71,css,c9fb0ccf,kangyuj0531,2025-02-07,21:44:59,-08:00,2025-02-07T21:44:59-08:00,0,7
style.css,72,css,c9fb0ccf,kangyuj0531,2025-02-07,21:44:59,-08:00,2025-02-07T21:44:59-08:00,0,19
style.css,73,css,c9fb0ccf,kangyuj0531,2025-02-07,21:44:59,-08:00,2025-02-07T21:44:59-08:00,0,13
style.css,74,css,c9fb0ccf,kangyuj0531,2025-02-07,21:44:59,-08:00,2025-02-07T21:44:59-08:00,0,0
style.css,75,css,c9fb0ccf,kangyuj0531,2025-02-07,21:44:59,-08:00,2025-02-07T21:44:59-08:00,0,0
style.css,76,css,c9fb0ccf,kangyuj0531,2025-02-07,21:44:59,-08:00,2025-02-07T21:44:59-08:00,0,18
style.css,77,css,c9fb0ccf,kangyuj0531,2025-02-07,21:44:59,-08:00,2025-02-07T21:44:59-08:00,0,10
style.css,78,css,c9fb0ccf,kangyuj0531,2025-02-07,21:44:59,-08:00,2025-02-07T21:44:59-08:00,0,13
style.css,79,css,c9fb0ccf,kangyuj0531,2025-02-07,21:44:59,-08:00,2025-02-07T21:44:59-08:00,0,8
style.css,80,css,c9fb0ccf,kangyuj0531,2025-02-07,21:44:59,-08:00,2025-02-07T21:44:59-08:00,0,59
style.css,81,css,c9fb0ccf,kangyuj0531,2025-02-07,21:44:59,-08:00,2025-02-07T21:44:59-08:00,0,0
style.css,82,css,fc07d2e6,kangyuj0531,2025-01-17,17:13:04,-08:00,2025-01-17T17:13:04-08:00,0,0
style.css,83,css,c9fb0ccf,kangyuj0531,2025-02-07,21:44:59,-08:00,2025-02-07T21:44:59-08:00,0,18
style.css,84,css,c9fb0ccf,kangyuj0531,2025-02-07,21:44:59,-08:00,2025-02-07T21:44:59-08:00,0,13
style.css,85,css,c9fb0ccf,kangyuj0531,2025-02-07,21:44:59,-08:00,2025-02-07T21:44:59-08:00,0,27
style.css,86,css,c9fb0ccf,kangyuj0531,2025-02-07,21:44:59,-08:00,2025-02-07T21:44:59-08:00,0,16
style.css,87,css,c9fb0ccf,kangyuj0531,2025-02-07,21:44:59,-08:00,2025-02-07T21:44:59-08:00,0,0
style.css,88,css,c9fb0ccf,kangyuj0531,2025-02-07,21:44:59,-08:00,2025-02-07T21:44:59-08:00,0,0
style.css,89,css,c9fb0ccf,kangyuj0531,2025-02-07,21:44:59,-08:00,2025-02-07T21:44:59-08:00,0,13
style.css,90,css,c9fb0ccf,kangyuj0531,2025-02-07,21:44:59,-08:00,2025-02-07T21:44:59-08:00,0,9
style.css,91,css,c9fb0ccf,kangyuj0531,2025-02-07,21:44:59,-08:00,2025-02-07T21:44:59-08:00,0,0
style.css,92,css,c9fb0ccf,kangyuj0531,2025-02-07,21:44:59,-08:00,2025-02-07T21:44:59-08:00,0,0
style.css,93,css,c9fb0ccf,kangyuj0531,2025-02-07,21:44:59,-08:00,2025-02-07T21:44:59-08:00,0,17
style.css,94,css,c9fb0ccf,kangyuj0531,2025-02-07,21:44:59,-08:00,2025-02-07T21:44:59-08:00,0,13
style.css,95,css,c9fb0ccf,kangyuj0531,2025-02-07,21:44:59,-08:00,2025-02-07T21:44:59-08:00,0,30
style.css,96,css,c9fb0ccf,kangyuj0531,2025-02-07,21:44:59,-08:00,2025-02-07T21:44:59-08:00,0,19
style.css,97,css,c9fb0ccf,kangyuj0531,2025-02-07,21:44:59,-08:00,2025-02-07T21:44:59-08:00,0,10
style.css,98,css,889711e3,kangyuj0531,2025-01-31,23:16:23,-08:00,2025-01-31T23:16:23-08:00,0,0
style.css,99,css,889711e3,kangyuj0531,2025-01-31,23:16:23,-08:00,2025-01-31T23:16:23-08:00,0,0
style.css,100,css,889711e3,kangyuj0531,2025-01-31,23:16:23,-08:00,2025-01-31T23:16:23-08:00,0,42
style.css,101,css,889711e3,kangyuj0531,2025-01-31,23:16:23,-08:00,2025-01-31T23:16:23-08:00,0,9
style.css,102,css,889711e3,kangyuj0531,2025-01-31,23:16:23,-08:00,2025-01-31T23:16:23-08:00,0,0
style.css,103,css,889711e3,kangyuj0531,2025-01-31,23:16:23,-08:00,2025-01-31T23:16:23-08:00,0,0
style.css,104,css,c9fb0ccf,kangyuj0531,2025-02-07,21:44:59,-08:00,2025-02-07T21:44:59-08:00,0,11
style.css,105,css,c9fb0ccf,kangyuj0531,2025-02-07,21:44:59,-08:00,2025-02-07T21:44:59-08:00,0,13
style.css,106,css,c9fb0ccf,kangyuj0531,2025-02-07,21:44:59,-08:00,2025-02-07T21:44:59-08:00,0,19
style.css,107,css,c9fb0ccf,kangyuj0531,2025-02-07,21:44:59,-08:00,2025-02-07T21:44:59-08:00,0,7
style.css,108,css,c9fb0ccf,kangyuj0531,2025-02-07,21:44:59,-08:00,2025-02-07T21:44:59-08:00,0,8
style.css,109,css,c9fb0ccf,kangyuj0531,2025-02-07,21:44:59,-08:00,2025-02-07T21:44:59-08:00,0,19
style.css,110,css,c9fb0ccf,kangyuj0531,2025-02-07,21:44:59,-08:00,2025-02-07T21:44:59-08:00,0,0
style.css,111,css,c9fb0ccf,kangyuj0531,2025-02-07,21:44:59,-08:00,2025-02-07T21:44:59-08:00,0,0
style.css,112,css,c9fb0ccf,kangyuj0531,2025-02-07,21:44:59,-08:00,2025-02-07T21:44:59-08:00,0,19
style.css,113,css,c9fb0ccf,kangyuj0531,2025-02-07,21:44:59,-08:00,2025-02-07T21:44:59-08:00,0,15
style.css,114,css,c9fb0ccf,kangyuj0531,2025-02-07,21:44:59,-08:00,2025-02-07T21:44:59-08:00,0,17
style.css,115,css,c9fb0ccf,kangyuj0531,2025-02-07,21:44:59,-08:00,2025-02-07T21:44:59-08:00,0,17
style.css,116,css,c9fb0ccf,kangyuj0531,2025-02-07,21:44:59,-08:00,2025-02-07T21:44:59-08:00,0,14
style.css,117,css,c9fb0ccf,kangyuj0531,2025-02-07,21:44:59,-08:00,2025-02-07T21:44:59-08:00,0,0
style.css,118,css,c9fb0ccf,kangyuj0531,2025-02-07,21:44:59,-08:00,2025-02-07T21:44:59-08:00,0,0
style.css,119,css,c9fb0ccf,kangyuj0531,2025-02-07,21:44:59,-08:00,2025-02-07T21:44:59-08:00,0,8
style.css,120,css,c9fb0ccf,kangyuj0531,2025-02-07,21:44:59,-08:00,2025-02-07T21:44:59-08:00,0,16
style.css,121,css,c9fb0ccf,kangyuj0531,2025-02-07,21:44:59,-08:00,2025-02-07T21:44:59-08:00,0,12
style.css,122,css,c9fb0ccf,kangyuj0531,2025-02-07,21:44:59,-08:00,2025-02-07T21:44:59-08:00,0,13
style.css,123,css,c9fb0ccf,kangyuj0531,2025-02-07,21:44:59,-08:00,2025-02-07T21:44:59-08:00,0,13
style.css,124,css,c9fb0ccf,kangyuj0531,2025-02-07,21:44:59,-08:00,2025-02-07T21:44:59-08:00,0,58
style.css,125,css,c9fb0ccf,kangyuj0531,2025-02-07,21:44:59,-08:00,2025-02-07T21:44:59-08:00,0,8
style.css,126,css,c9fb0ccf,kangyuj0531,2025-02-07,21:44:59,-08:00,2025-02-07T21:44:59-08:00,0,22
style.css,127,css,c9fb0ccf,kangyuj0531,2025-02-07,21:44:59,-08:00,2025-02-07T21:44:59-08:00,0,18
style.css,128,css,c9fb0ccf,kangyuj0531,2025-02-07,21:44:59,-08:00,2025-02-07T21:44:59-08:00,0,11
style.css,129,css,c9fb0ccf,kangyuj0531,2025-02-07,21:44:59,-08:00,2025-02-07T21:44:59-08:00,0,0
style.css,130,css,c9fb0ccf,kangyuj0531,2025-02-07,21:44:59,-08:00,2025-02-07T21:44:59-08:00,0,0
style.css,131,css,c9fb0ccf,kangyuj0531,2025-02-07,21:44:59,-08:00,2025-02-07T21:44:59-08:00,0,11
style.css,132,css,c9fb0ccf,kangyuj0531,2025-02-07,21:44:59,-08:00,2025-02-07T21:44:59-08:00,0,13
style.css,133,css,c9fb0ccf,kangyuj0531,2025-02-07,21:44:59,-08:00,2025-02-07T21:44:59-08:00,0,19
style.css,134,css,c9fb0ccf,kangyuj0531,2025-02-07,21:44:59,-08:00,2025-02-07T21:44:59-08:00,0,16
style.css,135,css,c9fb0ccf,kangyuj0531,2025-02-07,21:44:59,-08:00,2025-02-07T21:44:59-08:00,0,14
style.css,136,css,c9fb0ccf,kangyuj0531,2025-02-07,21:44:59,-08:00,2025-02-07T21:44:59-08:00,0,0
style.css,137,css,c9fb0ccf,kangyuj0531,2025-02-07,21:44:59,-08:00,2025-02-07T21:44:59-08:00,0,0
style.css,138,css,c9fb0ccf,kangyuj0531,2025-02-07,21:44:59,-08:00,2025-02-07T21:44:59-08:00,0,16
style.css,139,css,c9fb0ccf,kangyuj0531,2025-02-07,21:44:59,-08:00,2025-02-07T21:44:59-08:00,0,10
style.css,140,css,c9fb0ccf,kangyuj0531,2025-02-07,21:44:59,-08:00,2025-02-07T21:44:59-08:00,0,11
style.css,141,css,c9fb0ccf,kangyuj0531,2025-02-07,21:44:59,-08:00,2025-02-07T21:44:59-08:00,0,19
style.css,142,css,c9fb0ccf,kangyuj0531,2025-02-07,21:44:59,-08:00,2025-02-07T21:44:59-08:00,0,20
style.css,143,css,c9fb0ccf,kangyuj0531,2025-02-07,21:44:59,-08:00,2025-02-07T21:44:59-08:00,0,30
style.css,144,css,c9fb0ccf,kangyuj0531,2025-02-07,21:44:59,-08:00,2025-02-07T21:44:59-08:00,0,19
style.css,145,css,c9fb0ccf,kangyuj0531,2025-02-07,21:44:59,-08:00,2025-02-07T21:44:59-08:00,0,0
style.css,146,css,c9fb0ccf,kangyuj0531,2025-02-07,21:44:59,-08:00,2025-02-07T21:44:59-08:00,0,0
style.css,147,css,bc197109,kangyuj0531,2025-02-08,22:23:48,-08:00,2025-02-08T22:23:48-08:00,0,11
style.css,148,css,bc197109,kangyuj0531,2025-02-08,22:23:48,-08:00,2025-02-08T22:23:48-08:00,0,11
style.css,149,css,bc197109,kangyuj0531,2025-02-08,22:23:48,-08:00,2025-02-08T22:23:48-08:00,0,11
style.css,150,css,bc197109,kangyuj0531,2025-02-08,22:23:48,-08:00,2025-02-08T22:23:48-08:00,0,16
style.css,151,css,bc197109,kangyuj0531,2025-02-08,22:23:48,-08:00,2025-02-08T22:23:48-08:00,0,16
style.css,152,css,bc197109,kangyuj0531,2025-02-08,22:23:48,-08:00,2025-02-08T22:23:48-08:00,0,18
style.css,153,css,bc197109,kangyuj0531,2025-02-08,22:23:48,-08:00,2025-02-08T22:23:48-08:00,0,18
style.css,154,css,bc197109,kangyuj0531,2025-02-08,22:23:48,-08:00,2025-02-08T22:23:48-08:00,0,22
style.css,155,css,bc197109,kangyuj0531,2025-02-08,22:23:48,-08:00,2025-02-08T22:23:48-08:00,0,18
style.css,156,css,bc197109,kangyuj0531,2025-02-08,22:23:48,-08:00,2025-02-08T22:23:48-08:00,0,22
style.css,157,css,bc197109,kangyuj0531,2025-02-08,22:23:48,-08:00,2025-02-08T22:23:48-08:00,0,40
style.css,158,css,bc197109,kangyuj0531,2025-02-08,22:23:48,-08:00,2025-02-08T22:23:48-08:00,0,0
style.css,159,css,bc197109,kangyuj0531,2025-02-08,22:23:48,-08:00,2025-02-08T22:23:48-08:00,0,0
style.css,160,css,bc197109,kangyuj0531,2025-02-08,22:23:48,-08:00,2025-02-08T22:23:48-08:00,0,18
style.css,161,css,bc197109,kangyuj0531,2025-02-08,22:23:48,-08:00,2025-02-08T22:23:48-08:00,0,17
style.css,162,css,bc197109,kangyuj0531,2025-02-08,22:23:48,-08:00,2025-02-08T22:23:48-08:00,0,12
style.css,163,css,bc197109,kangyuj0531,2025-02-08,22:23:48,-08:00,2025-02-08T22:23:48-08:00,0,0
style.css,164,css,bc197109,kangyuj0531,2025-02-08,22:23:48,-08:00,2025-02-08T22:23:48-08:00,0,0
style.css,165,css,bc197109,kangyuj0531,2025-02-08,22:23:48,-08:00,2025-02-08T22:23:48-08:00,0,0
style.css,166,css,bc197109,kangyuj0531,2025-02-08,22:23:48,-08:00,2025-02-08T22:23:48-08:00,0,5
style.css,167,css,bc197109,kangyuj0531,2025-02-08,22:23:48,-08:00,2025-02-08T22:23:48-08:00,0,17
style.css,168,css,bc197109,kangyuj0531,2025-02-08,22:23:48,-08:00,2025-02-08T22:23:48-08:00,0,15
style.css,169,css,bc197109,kangyuj0531,2025-02-08,22:23:48,-08:00,2025-02-08T22:23:48-08:00,0,0
style.css,170,css,bc197109,kangyuj0531,2025-02-08,22:23:48,-08:00,2025-02-08T22:23:48-08:00,0,0
style.css,171,css,bc197109,kangyuj0531,2025-02-08,22:23:48,-08:00,2025-02-08T22:23:48-08:00,0,10
style.css,172,css,bc197109,kangyuj0531,2025-02-08,22:23:48,-08:00,2025-02-08T22:23:48-08:00,0,36
style.css,173,css,bc197109,kangyuj0531,2025-02-08,22:23:48,-08:00,2025-02-08T22:23:48-08:00,0,0
style.css,174,css,bc197109,kangyuj0531,2025-02-08,22:23:48,-08:00,2025-02-08T22:23:48-08:00,0,11
style.css,175,css,bc197109,kangyuj0531,2025-02-08,22:23:48,-08:00,2025-02-08T22:23:48-08:00,0,18
style.css,176,css,bc197109,kangyuj0531,2025-02-08,22:23:48,-08:00,2025-02-08T22:23:48-08:00,0,0
style.css,177,css,bc197109,kangyuj0531,2025-02-08,22:23:48,-08:00,2025-02-08T22:23:48-08:00,0,0
style.css,178,css,bc197109,kangyuj0531,2025-02-08,22:23:48,-08:00,2025-02-08T22:23:48-08:00,0,0
style.css,179,css,bc197109,kangyuj0531,2025-02-08,22:23:48,-08:00,2025-02-08T22:23:48-08:00,0,0
style.css,180,css,889711e3,kangyuj0531,2025-01-31,23:16:23,-08:00,2025-01-31T23:16:23-08:00,0,16
style.css,181,css,889711e3,kangyuj0531,2025-01-31,23:16:23,-08:00,2025-01-31T23:16:23-08:00,0,7
style.css,182,css,889711e3,kangyuj0531,2025-01-31,23:16:23,-08:00,2025-01-31T23:16:23-08:00,0,18
style.css,183,css,889711e3,kangyuj0531,2025-01-31,23:16:23,-08:00,2025-01-31T23:16:23-08:00,0,18
style.css,184,css,889711e3,kangyuj0531,2025-01-31,23:16:23,-08:00,2025-01-31T23:16:23-08:00,0,0
style.css,185,css,889711e3,kangyuj0531,2025-01-31,23:16:23,-08:00,2025-01-31T23:16:23-08:00,0,0
style.css,186,css,889711e3,kangyuj0531,2025-01-31,23:16:23,-08:00,2025-01-31T23:16:23-08:00,0,10
style.css,187,css,889711e3,kangyuj0531,2025-01-31,23:16:23,-08:00,2025-01-31T23:16:23-08:00,0,14
style.css,188,css,889711e3,kangyuj0531,2025-01-31,23:16:23,-08:00,2025-01-31T23:16:23-08:00,0,15
style.css,189,css,889711e3,kangyuj0531,2025-01-31,23:16:23,-08:00,2025-01-31T23:16:23-08:00,0,0
style.css,190,css,889711e3,kangyuj0531,2025-01-31,23:16:23,-08:00,2025-01-31T23:16:23-08:00,0,0
style.css,191,css,889711e3,kangyuj0531,2025-01-31,23:16:23,-08:00,2025-01-31T23:16:23-08:00,0,9
style.css,192,css,889711e3,kangyuj0531,2025-01-31,23:16:23,-08:00,2025-01-31T23:16:23-08:00,0,16
style.css,193,css,d176cf78,kangyuj0531,2025-01-17,23:22:36,-08:00,2025-01-17T23:22:36-08:00,0,11
style.css,194,css,889711e3,kangyuj0531,2025-01-31,23:16:23,-08:00,2025-01-31T23:16:23-08:00,0,0
style.css,195,css,d176cf78,kangyuj0531,2025-01-17,23:22:36,-08:00,2025-01-17T23:22:36-08:00,0,0
style.css,196,css,889711e3,kangyuj0531,2025-01-31,23:16:23,-08:00,2025-01-31T23:16:23-08:00,0,8
style.css,197,css,889711e3,kangyuj0531,2025-01-31,23:16:23,-08:00,2025-01-31T23:16:23-08:00,0,12
style.css,198,css,889711e3,kangyuj0531,2025-01-31,23:16:23,-08:00,2025-01-31T23:16:23-08:00,0,0
style.css,199,css,889711e3,kangyuj0531,2025-01-31,23:16:23,-08:00,2025-01-31T23:16:23-08:00,0,0
style.css,200,css,889711e3,kangyuj0531,2025-01-31,23:16:23,-08:00,2025-01-31T23:16:23-08:00,0,8
style.css,201,css,889711e3,kangyuj0531,2025-01-31,23:16:23,-08:00,2025-01-31T23:16:23-08:00,0,18
style.css,202,css,889711e3,kangyuj0531,2025-01-31,23:16:23,-08:00,2025-01-31T23:16:23-08:00,0,12
style.css,203,css,889711e3,kangyuj0531,2025-01-31,23:16:23,-08:00,2025-01-31T23:16:23-08:00,0,22
style.css,204,css,889711e3,kangyuj0531,2025-01-31,23:16:23,-08:00,2025-01-31T23:16:23-08:00,0,18
style.css,205,css,889711e3,kangyuj0531,2025-01-31,23:16:23,-08:00,2025-01-31T23:16:23-08:00,0,25
style.css,206,css,889711e3,kangyuj0531,2025-01-31,23:16:23,-08:00,2025-01-31T23:16:23-08:00,0,0
style.css,207,css,889711e3,kangyuj0531,2025-01-31,23:16:23,-08:00,2025-01-31T23:16:23-08:00,0,0
style.css,208,css,889711e3,kangyuj0531,2025-01-31,23:16:23,-08:00,2025-01-31T23:16:23-08:00,0,18
style.css,209,css,889711e3,kangyuj0531,2025-01-31,23:16:23,-08:00,2025-01-31T23:16:23-08:00,0,16
style.css,210,css,889711e3,kangyuj0531,2025-01-31,23:16:23,-08:00,2025-01-31T23:16:23-08:00,0,19
style.css,211,css,889711e3,kangyuj0531,2025-01-31,23:16:23,-08:00,2025-01-31T23:16:23-08:00,0,0
style.css,212,css,889711e3,kangyuj0531,2025-01-31,23:16:23,-08:00,2025-01-31T23:16:23-08:00,0,0
style.css,213,css,889711e3,kangyuj0531,2025-01-31,23:16:23,-08:00,2025-01-31T23:16:23-08:00,0,10
style.css,214,css,d176cf78,kangyuj0531,2025-01-17,23:22:36,-08:00,2025-01-17T23:22:36-08:00,0,15
style.css,215,css,889711e3,kangyuj0531,2025-01-31,23:16:23,-08:00,2025-01-31T23:16:23-08:00,0,0
style.css,216,css,d176cf78,kangyuj0531,2025-01-17,23:22:36,-08:00,2025-01-17T23:22:36-08:00,0,0
style.css,217,css,889711e3,kangyuj0531,2025-01-31,23:16:23,-08:00,2025-01-31T23:16:23-08:00,0,26
style.css,218,css,889711e3,kangyuj0531,2025-01-31,23:16:23,-08:00,2025-01-31T23:16:23-08:00,0,13
style.css,219,css,889711e3,kangyuj0531,2025-01-31,23:16:23,-08:00,2025-01-31T23:16:23-08:00,0,30
style.css,220,css,889711e3,kangyuj0531,2025-01-31,23:16:23,-08:00,2025-01-31T23:16:23-08:00,0,19
style.css,221,css,889711e3,kangyuj0531,2025-01-31,23:16:23,-08:00,2025-01-31T23:16:23-08:00,0,0
style.css,222,css,889711e3,kangyuj0531,2025-01-31,23:16:23,-08:00,2025-01-31T23:16:23-08:00,0,0
style.css,223,css,889711e3,kangyuj0531,2025-01-31,23:16:23,-08:00,2025-01-31T23:16:23-08:00,0,27
style.css,224,css,889711e3,kangyuj0531,2025-01-31,23:16:23,-08:00,2025-01-31T23:16:23-08:00,0,13
style.css,225,css,889711e3,kangyuj0531,2025-01-31,23:16:23,-08:00,2025-01-31T23:16:23-08:00,0,30
style.css,226,css,889711e3,kangyuj0531,2025-01-31,23:16:23,-08:00,2025-01-31T23:16:23-08:00,0,19
style.css,227,css,889711e3,kangyuj0531,2025-01-31,23:16:23,-08:00,2025-01-31T23:16:23-08:00,0,0
style.css,228,css,889711e3,kangyuj0531,2025-01-31,23:16:23,-08:00,2025-01-31T23:16:23-08:00,0,0
style.css,229,css,889711e3,kangyuj0531,2025-01-31,23:16:23,-08:00,2025-01-31T23:16:23-08:00,0,20
style.css,230,css,889711e3,kangyuj0531,2025-01-31,23:16:23,-08:00,2025-01-31T23:16:23-08:00,0,19
style.css,231,css,889711e3,kangyuj0531,2025-01-31,23:16:23,-08:00,2025-01-31T23:16:23-08:00,0,16
style.css,232,css,889711e3,kangyuj0531,2025-01-31,23:16:23,-08:00,2025-01-31T23:16:23-08:00,0,11
style.css,233,css,889711e3,kangyuj0531,2025-01-31,23:16:23,-08:00,2025-01-31T23:16:23-08:00,0,0
style.css,234,css,889711e3,kangyuj0531,2025-01-31,23:16:23,-08:00,2025-01-31T23:16:23-08:00,0,0
style.css,235,css,889711e3,kangyuj0531,2025-01-31,23:16:23,-08:00,2025-01-31T23:16:23-08:00,0,11
style.css,236,css,889711e3,kangyuj0531,2025-01-31,23:16:23,-08:00,2025-01-31T23:16:23-08:00,0,19
style.css,237,css,889711e3,kangyuj0531,2025-01-31,23:16:23,-08:00,2025-01-31T23:16:23-08:00,0,15
style.css,238,css,889711e3,kangyuj0531,2025-01-31,23:16:23,-08:00,2025-01-31T23:16:23-08:00,0,0
style.css,239,css,889711e3,kangyuj0531,2025-01-31,23:16:23,-08:00,2025-01-31T23:16:23-08:00,0,0
style.css,240,css,889711e3,kangyuj0531,2025-01-31,23:16:23,-08:00,2025-01-31T23:16:23-08:00,0,14
style.css,241,css,889711e3,kangyuj0531,2025-01-31,23:16:23,-08:00,2025-01-31T23:16:23-08:00,0,20
style.css,242,css,889711e3,kangyuj0531,2025-01-31,23:16:23,-08:00,2025-01-31T23:16:23-08:00,0,0
style.css,243,css,c9fb0ccf,kangyuj0531,2025-02-07,21:44:59,-08:00,2025-02-07T21:44:59-08:00,0,0
style.css,244,css,889711e3,kangyuj0531,2025-01-31,23:16:23,-08:00,2025-01-31T23:16:23-08:00,0,0
style.css,245,css,889711e3,kangyuj0531,2025-01-31,23:16:23,-08:00,2025-01-31T23:16:23-08:00,0,25
style.css,246,css,889711e3,kangyuj0531,2025-01-31,23:16:23,-08:00,2025-01-31T23:16:23-08:00,0,15
style.css,247,css,889711e3,kangyuj0531,2025-01-31,23:16:23,-08:00,2025-01-31T23:16:23-08:00,0,13
style.css,248,css,889711e3,kangyuj0531,2025-01-31,23:16:23,-08:00,2025-01-31T23:16:23-08:00,0,37
style.css,249,css,889711e3,kangyuj0531,2025-01-31,23:16:23,-08:00,2025-01-31T23:16:23-08:00,0,9
style.css,250,css,889711e3,kangyuj0531,2025-01-31,23:16:23,-08:00,2025-01-31T23:16:23-08:00,0,16
style.css,251,css,889711e3,kangyuj0531,2025-01-31,23:16:23,-08:00,2025-01-31T23:16:23-08:00,0,0
style.css,252,css,889711e3,kangyuj0531,2025-01-31,23:16:23,-08:00,2025-01-31T23:16:23-08:00,0,0
style.css,253,css,889711e3,kangyuj0531,2025-01-31,23:16:23,-08:00,2025-01-31T23:16:23-08:00,0,18
style.css,254,css,889711e3,kangyuj0531,2025-01-31,23:16:23,-08:00,2025-01-31T23:16:23-08:00,0,11
style.css,255,css,889711e3,kangyuj0531,2025-01-31,23:16:23,-08:00,2025-01-31T23:16:23-08:00,0,12
style.css,256,css,889711e3,kangyuj0531,2025-01-31,23:16:23,-08:00,2025-01-31T23:16:23-08:00,0,11
style.css,257,css,889711e3,kangyuj0531,2025-01-31,23:16:23,-08:00,2025-01-31T23:16:23-08:00,0,0
style.css,258,css,889711e3,kangyuj0531,2025-01-31,23:16:23,-08:00,2025-01-31T23:16:23-08:00,0,0
style.css,259,css,889711e3,kangyuj0531,2025-01-31,23:16:23,-08:00,2025-01-31T23:16:23-08:00,0,0
style.css,260,css,889711e3,kangyuj0531,2025-01-31,23:16:23,-08:00,2025-01-31T23:16:23-08:00,0,18
style.css,261,css,889711e3,kangyuj0531,2025-01-31,23:16:23,-08:00,2025-01-31T23:16:23-08:00,0,11
style.css,262,css,889711e3,kangyuj0531,2025-01-31,23:16:23,-08:00,2025-01-31T23:16:23-08:00,0,9
style.css,263,css,889711e3,kangyuj0531,2025-01-31,23:16:23,-08:00,2025-01-31T23:16:23-08:00,0,12
style.css,264,css,889711e3,kangyuj0531,2025-01-31,23:16:23,-08:00,2025-01-31T23:16:23-08:00,0,16
style.css,265,css,889711e3,kangyuj0531,2025-01-31,23:16:23,-08:00,2025-01-31T23:16:23-08:00,0,17
style.css,266,css,fc07d2e6,kangyuj0531,2025-01-17,17:13:04,-08:00,2025-01-17T17:13:04-08:00,0,0
index.js,1,js,5b875ad0,kangyuj0531,2025-01-31,23:59:05,-08:00,2025-01-31T23:59:05-08:00,0,72
index.js,2,js,889711e3,kangyuj0531,2025-01-31,23:16:23,-08:00,2025-01-31T23:16:23-08:00,0,0
index.js,3,js,889711e3,kangyuj0531,2025-01-31,23:16:23,-08:00,2025-01-31T23:16:23-08:00,0,29
index.js,4,js,5b875ad0,kangyuj0531,2025-01-31,23:59:05,-08:00,2025-01-31T23:59:05-08:00,0,55
index.js,5,js,4708cf3e,kangyuj0531,2025-01-31,23:57:19,-08:00,2025-01-31T23:57:19-08:00,0,15
index.js,6,js,4708cf3e,kangyuj0531,2025-01-31,23:57:19,-08:00,2025-01-31T23:57:19-08:00,0,40
index.js,7,js,4708cf3e,kangyuj0531,2025-01-31,23:57:19,-08:00,2025-01-31T23:57:19-08:00,0,6
index.js,8,js,4708cf3e,kangyuj0531,2025-01-31,23:57:19,-08:00,2025-01-31T23:57:19-08:00,0,0
index.js,9,js,889711e3,kangyuj0531,2025-01-31,23:16:23,-08:00,2025-01-31T23:16:23-08:00,0,43
index.js,10,js,889711e3,kangyuj0531,2025-01-31,23:16:23,-08:00,2025-01-31T23:16:23-08:00,0,0
index.js,11,js,889711e3,kangyuj0531,2025-01-31,23:16:23,-08:00,2025-01-31T23:16:23-08:00,0,61
index.js,12,js,889711e3,kangyuj0531,2025-01-31,23:16:23,-08:00,2025-01-31T23:16:23-08:00,0,55
index.js,13,js,889711e3,kangyuj0531,2025-01-31,23:16:23,-08:00,2025-01-31T23:16:23-08:00,0,0
index.js,14,js,889711e3,kangyuj0531,2025-01-31,23:16:23,-08:00,2025-01-31T23:16:23-08:00,0,55
index.js,15,js,889711e3,kangyuj0531,2025-01-31,23:16:23,-08:00,2025-01-31T23:16:23-08:00,0,61
index.js,16,js,889711e3,kangyuj0531,2025-01-31,23:16:23,-08:00,2025-01-31T23:16:23-08:00,0,0
index.js,17,js,889711e3,kangyuj0531,2025-01-31,23:16:23,-08:00,2025-01-31T23:16:23-08:00,0,18
index.js,18,js,889711e3,kangyuj0531,2025-01-31,23:16:23,-08:00,2025-01-31T23:16:23-08:00,0,25
index.js,19,js,889711e3,kangyuj0531,2025-01-31,23:16:23,-08:00,2025-01-31T23:16:23-08:00,0,25
index.js,20,js,889711e3,kangyuj0531,2025-01-31,23:16:23,-08:00,2025-01-31T23:16:23-08:00,0,55
index.js,21,js,889711e3,kangyuj0531,2025-01-31,23:16:23,-08:00,2025-01-31T23:16:23-08:00,0,55
index.js,22,js,889711e3,kangyuj0531,2025-01-31,23:16:23,-08:00,2025-01-31T23:16:23-08:00,0,49
index.js,23,js,889711e3,kangyuj0531,2025-01-31,23:16:23,-08:00,2025-01-31T23:16:23-08:00,0,49
index.js,24,js,889711e3,kangyuj0531,2025-01-31,23:16:23,-08:00,2025-01-31T23:16:23-08:00,0,4
index.js,25,js,889711e3,kangyuj0531,2025-01-31,23:16:23,-08:00,2025-01-31T23:16:23-08:00,0,1
index.js,26,js,889711e3,kangyuj0531,2025-01-31,23:16:23,-08:00,2025-01-31T23:16:23-08:00,0,0
index.js,27,js,889711e3,kangyuj0531,2025-01-31,23:16:23,-08:00,2025-01-31T23:16:23-08:00,0,0
index.js,28,js,889711e3,kangyuj0531,2025-01-31,23:16:23,-08:00,2025-01-31T23:16:23-08:00,0,0
index.js,29,js,889711e3,kangyuj0531,2025-01-31,23:16:23,-08:00,2025-01-31T23:16:23-08:00,0,58
index.html,1,html,e5859113,kangyuj0531,2025-01-09,22:46:34,-08:00,2025-01-09T22:46:34-08:00,0,14
index.html,2,html,3e6e741e,kangyuj0531,2025-01-24,23:24:54,-08:00,2025-01-24T23:24:54-08:00,0,28
index.html,3,html,e5859113,kangyuj0531,2025-01-09,22:46:34,-08:00,2025-01-09T22:46:34-08:00,0,5
index.html,4,html,e5859113,kangyuj0531,2025-01-09,22:46:34,-08:00,2025-01-09T22:46:34-08:00,0,21
index.html,5,html,e5859113,kangyuj0531,2025-01-09,22:46:34,-08:00,2025-01-09T22:46:34-08:00,0,69
index.html,6,html,799139e3,kangyuj0531,2025-01-10,01:10:25,-08:00,2025-01-10T01:10:25-08:00,0,53
index.html,7,html,799139e3,kangyuj0531,2025-01-10,01:10:25,-08:00,2025-01-10T01:10:25-08:00,0,39
index.html,8,html,409fffeb,kangyuj0531,2025-01-24,22:29:52,-08:00,2025-01-24T22:29:52-08:00,0,46
index.html,9,html,fd67cfd6,kangyuj0531,2025-02-07,21:56:42,-08:00,2025-02-07T21:56:42-08:00,0,51
index.html,10,html,889711e3,kangyuj0531,2025-01-31,23:16:23,-08:00,2025-01-31T23:16:23-08:00,0,0
index.html,11,html,e5859113,kangyuj0531,2025-01-09,22:46:34,-08:00,2025-01-09T22:46:34-08:00,0,6
index.html,12,html,e5859113,kangyuj0531,2025-01-09,22:46:34,-08:00,2025-01-09T22:46:34-08:00,0,5
index.html,13,html,e5859113,kangyuj0531,2025-01-09,22:46:34,-08:00,2025-01-09T22:46:34-08:00,0,18
index.html,14,html,fc07d2e6,kangyuj0531,2025-01-17,17:13:04,-08:00,2025-01-17T17:13:04-08:00,0,87
index.html,15,html,e0b3f382,kangyuj0531,2025-01-10,16:17:14,-08:00,2025-01-10T16:17:14-08:00,0,73
index.html,16,html,889711e3,kangyuj0531,2025-01-31,23:16:23,-08:00,2025-01-31T23:16:23-08:00,0,0
index.html,17,html,889711e3,kangyuj0531,2025-01-31,23:16:23,-08:00,2025-01-31T23:16:23-08:00,0,23
index.html,18,html,889711e3,kangyuj0531,2025-01-31,23:16:23,-08:00,2025-01-31T23:16:23-08:00,0,21
index.html,19,html,889711e3,kangyuj0531,2025-01-31,23:16:23,-08:00,2025-01-31T23:16:23-08:00,0,50
index.html,20,html,889711e3,kangyuj0531,2025-01-31,23:16:23,-08:00,2025-01-31T23:16:23-08:00,0,0
index.html,21,html,889711e3,kangyuj0531,2025-01-31,23:16:23,-08:00,2025-01-31T23:16:23-08:00,0,5
index.html,22,html,889711e3,kangyuj0531,2025-01-31,23:16:23,-08:00,2025-01-31T23:16:23-08:00,0,0
index.html,23,html,889711e3,kangyuj0531,2025-01-31,23:16:23,-08:00,2025-01-31T23:16:23-08:00,0,28
index.html,24,html,889711e3,kangyuj0531,2025-01-31,23:16:23,-08:00,2025-01-31T23:16:23-08:00,0,23
index.html,25,html,889711e3,kangyuj0531,2025-01-31,23:16:23,-08:00,2025-01-31T23:16:23-08:00,0,59
index.html,26,html,889711e3,kangyuj0531,2025-01-31,23:16:23,-08:00,2025-01-31T23:16:23-08:00,0,5
index.html,27,html,e5859113,kangyuj0531,2025-01-09,22:46:34,-08:00,2025-01-09T22:46:34-08:00,0,6
index.html,28,html,e5859113,kangyuj0531,2025-01-09,22:46:34,-08:00,2025-01-09T22:46:34-08:00,0,6
global.js,1,js,409fffeb,kangyuj0531,2025-01-24,22:29:52,-08:00,2025-01-24T22:29:52-08:00,0,26
global.js,2,js,409fffeb,kangyuj0531,2025-01-24,22:29:52,-08:00,2025-01-24T22:29:52-08:00,0,0
global.js,3,js,409fffeb,kangyuj0531,2025-01-24,22:29:52,-08:00,2025-01-24T22:29:52-08:00,0,42
global.js,4,js,409fffeb,kangyuj0531,2025-01-24,22:29:52,-08:00,2025-01-24T22:29:52-08:00,0,53
global.js,5,js,409fffeb,kangyuj0531,2025-01-24,22:29:52,-08:00,2025-01-24T22:29:52-08:00,0,0
global.js,6,js,409fffeb,kangyuj0531,2025-01-24,22:29:52,-08:00,2025-01-24T22:29:52-08:00,0,0
global.js,7,js,409fffeb,kangyuj0531,2025-01-24,22:29:52,-08:00,2025-01-24T22:29:52-08:00,0,12
global.js,8,js,d92f6c8f,kangyuj0531,2025-01-31,16:45:22,-08:00,2025-01-31T16:45:22-08:00,0,24
global.js,9,js,d92f6c8f,kangyuj0531,2025-01-31,16:45:22,-08:00,2025-01-31T16:45:22-08:00,0,37
global.js,10,js,409fffeb,kangyuj0531,2025-01-24,22:29:52,-08:00,2025-01-24T22:29:52-08:00,0,33
global.js,11,js,00000000,Not Committed Yet,2025-02-14,21:11:15,-08:00,2025-02-14T21:11:15-08:00,0,33
global.js,12,js,d92f6c8f,kangyuj0531,2025-01-31,16:45:22,-08:00,2025-01-31T16:45:22-08:00,0,35
global.js,13,js,00000000,Not Committed Yet,2025-02-14,21:11:15,-08:00,2025-02-14T21:11:15-08:00,0,29
global.js,14,js,00000000,Not Committed Yet,2025-02-14,21:11:15,-08:00,2025-02-14T21:11:15-08:00,0,56
global.js,15,js,409fffeb,kangyuj0531,2025-01-24,22:29:52,-08:00,2025-01-24T22:29:52-08:00,0,1
global.js,16,js,409fffeb,kangyuj0531,2025-01-24,22:29:52,-08:00,2025-01-24T22:29:52-08:00,0,0
global.js,17,js,409fffeb,kangyuj0531,2025-01-24,22:29:52,-08:00,2025-01-24T22:29:52-08:00,0,39
global.js,18,js,409fffeb,kangyuj0531,2025-01-24,22:29:52,-08:00,2025-01-24T22:29:52-08:00,0,26
global.js,19,js,409fffeb,kangyuj0531,2025-01-24,22:29:52,-08:00,2025-01-24T22:29:52-08:00,0,0
global.js,20,js,409fffeb,kangyuj0531,2025-01-24,22:29:52,-08:00,2025-01-24T22:29:52-08:00,0,71
global.js,21,js,409fffeb,kangyuj0531,2025-01-24,22:29:52,-08:00,2025-01-24T22:29:52-08:00,0,0
global.js,22,js,409fffeb,kangyuj0531,2025-01-24,22:29:52,-08:00,2025-01-24T22:29:52-08:00,0,21
global.js,23,js,409fffeb,kangyuj0531,2025-01-24,22:29:52,-08:00,2025-01-24T22:29:52-08:00,0,15
global.js,24,js,409fffeb,kangyuj0531,2025-01-24,22:29:52,-08:00,2025-01-24T22:29:52-08:00,0,19
global.js,25,js,409fffeb,kangyuj0531,2025-01-24,22:29:52,-08:00,2025-01-24T22:29:52-08:00,0,36
global.js,26,js,409fffeb,kangyuj0531,2025-01-24,22:29:52,-08:00,2025-01-24T22:29:52-08:00,0,65
global.js,27,js,409fffeb,kangyuj0531,2025-01-24,22:29:52,-08:00,2025-01-24T22:29:52-08:00,0,0
global.js,28,js,409fffeb,kangyuj0531,2025-01-24,22:29:52,-08:00,2025-01-24T22:29:52-08:00,0,21
global.js,29,js,409fffeb,kangyuj0531,2025-01-24,22:29:52,-08:00,2025-01-24T22:29:52-08:00,0,35
global.js,30,js,409fffeb,kangyuj0531,2025-01-24,22:29:52,-08:00,2025-01-24T22:29:52-08:00,0,12
global.js,31,js,409fffeb,kangyuj0531,2025-01-24,22:29:52,-08:00,2025-01-24T22:29:52-08:00,0,21
global.js,32,js,409fffeb,kangyuj0531,2025-01-24,22:29:52,-08:00,2025-01-24T22:29:52-08:00,0,0
global.js,33,js,409fffeb,kangyuj0531,2025-01-24,22:29:52,-08:00,2025-01-24T22:29:52-08:00,0,66
global.js,34,js,409fffeb,kangyuj0531,2025-01-24,22:29:52,-08:00,2025-01-24T22:29:52-08:00,0,26
global.js,35,js,409fffeb,kangyuj0531,2025-01-24,22:29:52,-08:00,2025-01-24T22:29:52-08:00,0,0
global.js,36,js,409fffeb,kangyuj0531,2025-01-24,22:29:52,-08:00,2025-01-24T22:29:52-08:00,0,0
global.js,37,js,409fffeb,kangyuj0531,2025-01-24,22:29:52,-08:00,2025-01-24T22:29:52-08:00,0,34
global.js,38,js,409fffeb,kangyuj0531,2025-01-24,22:29:52,-08:00,2025-01-24T22:29:52-08:00,0,28
global.js,39,js,409fffeb,kangyuj0531,2025-01-24,22:29:52,-08:00,2025-01-24T22:29:52-08:00,0,19
global.js,40,js,409fffeb,kangyuj0531,2025-01-24,22:29:52,-08:00,2025-01-24T22:29:52-08:00,0,0
global.js,41,js,409fffeb,kangyuj0531,2025-01-24,22:29:52,-08:00,2025-01-24T22:29:52-08:00,0,0
global.js,42,js,409fffeb,kangyuj0531,2025-01-24,22:29:52,-08:00,2025-01-24T22:29:52-08:00,0,13
global.js,43,js,409fffeb,kangyuj0531,2025-01-24,22:29:52,-08:00,2025-01-24T22:29:52-08:00,0,0
global.js,44,js,409fffeb,kangyuj0531,2025-01-24,22:29:52,-08:00,2025-01-24T22:29:52-08:00,0,0
global.js,45,js,409fffeb,kangyuj0531,2025-01-24,22:29:52,-08:00,2025-01-24T22:29:52-08:00,0,32
global.js,46,js,409fffeb,kangyuj0531,2025-01-24,22:29:52,-08:00,2025-01-24T22:29:52-08:00,0,12
global.js,47,js,409fffeb,kangyuj0531,2025-01-24,22:29:52,-08:00,2025-01-24T22:29:52-08:00,0,0
global.js,48,js,409fffeb,kangyuj0531,2025-01-24,22:29:52,-08:00,2025-01-24T22:29:52-08:00,0,27
global.js,49,js,409fffeb,kangyuj0531,2025-01-24,22:29:52,-08:00,2025-01-24T22:29:52-08:00,0,5
global.js,50,js,409fffeb,kangyuj0531,2025-01-24,22:29:52,-08:00,2025-01-24T22:29:52-08:00,0,7
global.js,51,js,409fffeb,kangyuj0531,2025-01-24,22:29:52,-08:00,2025-01-24T22:29:52-08:00,0,44
global.js,52,js,409fffeb,kangyuj0531,2025-01-24,22:29:52,-08:00,2025-01-24T22:29:52-08:00,0,35
global.js,53,js,409fffeb,kangyuj0531,2025-01-24,22:29:52,-08:00,2025-01-24T22:29:52-08:00,0,33
global.js,54,js,409fffeb,kangyuj0531,2025-01-24,22:29:52,-08:00,2025-01-24T22:29:52-08:00,0,8
global.js,55,js,409fffeb,kangyuj0531,2025-01-24,22:29:52,-08:00,2025-01-24T22:29:52-08:00,0,8
global.js,56,js,409fffeb,kangyuj0531,2025-01-24,22:29:52,-08:00,2025-01-24T22:29:52-08:00,0,1
global.js,57,js,409fffeb,kangyuj0531,2025-01-24,22:29:52,-08:00,2025-01-24T22:29:52-08:00,0,0
global.js,58,js,409fffeb,kangyuj0531,2025-01-24,22:29:52,-08:00,2025-01-24T22:29:52-08:00,0,61
global.js,59,js,409fffeb,kangyuj0531,2025-01-24,22:29:52,-08:00,2025-01-24T22:29:52-08:00,0,0
global.js,60,js,409fffeb,kangyuj0531,2025-01-24,22:29:52,-08:00,2025-01-24T22:29:52-08:00,0,35
global.js,61,js,409fffeb,kangyuj0531,2025-01-24,22:29:52,-08:00,2025-01-24T22:29:52-08:00,0,44
global.js,62,js,409fffeb,kangyuj0531,2025-01-24,22:29:52,-08:00,2025-01-24T22:29:52-08:00,0,71
global.js,63,js,409fffeb,kangyuj0531,2025-01-24,22:29:52,-08:00,2025-01-24T22:29:52-08:00,0,26
global.js,64,js,409fffeb,kangyuj0531,2025-01-24,22:29:52,-08:00,2025-01-24T22:29:52-08:00,0,0
global.js,65,js,409fffeb,kangyuj0531,2025-01-24,22:29:52,-08:00,2025-01-24T22:29:52-08:00,0,0
global.js,66,js,409fffeb,kangyuj0531,2025-01-24,22:29:52,-08:00,2025-01-24T22:29:52-08:00,0,50
global.js,67,js,409fffeb,kangyuj0531,2025-01-24,22:29:52,-08:00,2025-01-24T22:29:52-08:00,0,36
global.js,68,js,409fffeb,kangyuj0531,2025-01-24,22:29:52,-08:00,2025-01-24T22:29:52-08:00,0,49
global.js,69,js,409fffeb,kangyuj0531,2025-01-24,22:29:52,-08:00,2025-01-24T22:29:52-08:00,0,78
global.js,70,js,409fffeb,kangyuj0531,2025-01-24,22:29:52,-08:00,2025-01-24T22:29:52-08:00,0,36
global.js,71,js,d92f6c8f,kangyuj0531,2025-01-31,16:45:22,-08:00,2025-01-31T16:45:22-08:00,0,2
global.js,72,js,d92f6c8f,kangyuj0531,2025-01-31,16:45:22,-08:00,2025-01-31T16:45:22-08:00,0,0
global.js,73,js,889711e3,kangyuj0531,2025-01-31,23:16:23,-08:00,2025-01-31T23:16:23-08:00,0,37
global.js,74,js,889711e3,kangyuj0531,2025-01-31,23:16:23,-08:00,2025-01-31T23:16:23-08:00,0,4
global.js,75,js,889711e3,kangyuj0531,2025-01-31,23:16:23,-08:00,2025-01-31T23:16:23-08:00,0,40
global.js,76,js,889711e3,kangyuj0531,2025-01-31,23:16:23,-08:00,2025-01-31T23:16:23-08:00,0,33
global.js,77,js,889711e3,kangyuj0531,2025-01-31,23:16:23,-08:00,2025-01-31T23:16:23-08:00,0,21
global.js,78,js,889711e3,kangyuj0531,2025-01-31,23:16:23,-08:00,2025-01-31T23:16:23-08:00,0,0
global.js,79,js,889711e3,kangyuj0531,2025-01-31,23:16:23,-08:00,2025-01-31T23:16:23-08:00,0,18
global.js,80,js,889711e3,kangyuj0531,2025-01-31,23:16:23,-08:00,2025-01-31T23:16:23-08:00,0,67
global.js,81,js,889711e3,kangyuj0531,2025-01-31,23:16:23,-08:00,2025-01-31T23:16:23-08:00,0,0
global.js,82,js,889711e3,kangyuj0531,2025-01-31,23:16:23,-08:00,2025-01-31T23:16:23-08:00,0,0
global.js,83,js,889711e3,kangyuj0531,2025-01-31,23:16:23,-08:00,2025-01-31T23:16:23-08:00,0,34
global.js,84,js,889711e3,kangyuj0531,2025-01-31,23:16:23,-08:00,2025-01-31T23:16:23-08:00,0,17
global.js,85,js,889711e3,kangyuj0531,2025-01-31,23:16:23,-08:00,2025-01-31T23:16:23-08:00,0,11
global.js,86,js,889711e3,kangyuj0531,2025-01-31,23:16:23,-08:00,2025-01-31T23:16:23-08:00,0,0
global.js,87,js,889711e3,kangyuj0531,2025-01-31,23:16:23,-08:00,2025-01-31T23:16:23-08:00,0,16
global.js,88,js,889711e3,kangyuj0531,2025-01-31,23:16:23,-08:00,2025-01-31T23:16:23-08:00,0,60
global.js,89,js,889711e3,kangyuj0531,2025-01-31,23:16:23,-08:00,2025-01-31T23:16:23-08:00,0,0
global.js,90,js,889711e3,kangyuj0531,2025-01-31,23:16:23,-08:00,2025-01-31T23:16:23-08:00,0,0
global.js,91,js,d92f6c8f,kangyuj0531,2025-01-31,16:45:22,-08:00,2025-01-31T16:45:22-08:00,0,0
global.js,92,js,889711e3,kangyuj0531,2025-01-31,23:16:23,-08:00,2025-01-31T23:16:23-08:00,0,32
global.js,93,js,889711e3,kangyuj0531,2025-01-31,23:16:23,-08:00,2025-01-31T23:16:23-08:00,0,0
global.js,94,js,889711e3,kangyuj0531,2025-01-31,23:16:23,-08:00,2025-01-31T23:16:23-08:00,0,80
global.js,95,js,889711e3,kangyuj0531,2025-01-31,23:16:23,-08:00,2025-01-31T23:16:23-08:00,0,44
global.js,96,js,889711e3,kangyuj0531,2025-01-31,23:16:23,-08:00,2025-01-31T23:16:23-08:00,0,31
global.js,97,js,889711e3,kangyuj0531,2025-01-31,23:16:23,-08:00,2025-01-31T23:16:23-08:00,0,0
global.js,98,js,889711e3,kangyuj0531,2025-01-31,23:16:23,-08:00,2025-01-31T23:16:23-08:00,0,21
global.js,99,js,889711e3,kangyuj0531,2025-01-31,23:16:23,-08:00,2025-01-31T23:16:23-08:00,0,30
global.js,100,js,889711e3,kangyuj0531,2025-01-31,23:16:23,-08:00,2025-01-31T23:16:23-08:00,0,49
global.js,101,js,889711e3,kangyuj0531,2025-01-31,23:16:23,-08:00,2025-01-31T23:16:23-08:00,0,0
global.js,102,js,889711e3,kangyuj0531,2025-01-31,23:16:23,-08:00,2025-01-31T23:16:23-08:00,0,60
global.js,103,js,889711e3,kangyuj0531,2025-01-31,23:16:23,-08:00,2025-01-31T23:16:23-08:00,0,57
global.js,104,js,889711e3,kangyuj0531,2025-01-31,23:16:23,-08:00,2025-01-31T23:16:23-08:00,0,40
global.js,105,js,889711e3,kangyuj0531,2025-01-31,23:16:23,-08:00,2025-01-31T23:16:23-08:00,0,33
global.js,106,js,889711e3,kangyuj0531,2025-01-31,23:16:23,-08:00,2025-01-31T23:16:23-08:00,0,0
global.js,107,js,889711e3,kangyuj0531,2025-01-31,23:16:23,-08:00,2025-01-31T23:16:23-08:00,0,40
global.js,108,js,889711e3,kangyuj0531,2025-01-31,23:16:23,-08:00,2025-01-31T23:16:23-08:00,0,50
global.js,109,js,889711e3,kangyuj0531,2025-01-31,23:16:23,-08:00,2025-01-31T23:16:23-08:00,0,32
global.js,110,js,889711e3,kangyuj0531,2025-01-31,23:16:23,-08:00,2025-01-31T23:16:23-08:00,0,32
global.js,111,js,889711e3,kangyuj0531,2025-01-31,23:16:23,-08:00,2025-01-31T23:16:23-08:00,0,33
global.js,112,js,889711e3,kangyuj0531,2025-01-31,23:16:23,-08:00,2025-01-31T23:16:23-08:00,0,0
global.js,113,js,889711e3,kangyuj0531,2025-01-31,23:16:23,-08:00,2025-01-31T23:16:23-08:00,0,57
global.js,114,js,889711e3,kangyuj0531,2025-01-31,23:16:23,-08:00,2025-01-31T23:16:23-08:00,0,55
global.js,115,js,889711e3,kangyuj0531,2025-01-31,23:16:23,-08:00,2025-01-31T23:16:23-08:00,0,42
global.js,116,js,889711e3,kangyuj0531,2025-01-31,23:16:23,-08:00,2025-01-31T23:16:23-08:00,0,0
global.js,117,js,889711e3,kangyuj0531,2025-01-31,23:16:23,-08:00,2025-01-31T23:16:23-08:00,0,53
global.js,118,js,889711e3,kangyuj0531,2025-01-31,23:16:23,-08:00,2025-01-31T23:16:23-08:00,0,52
global.js,119,js,889711e3,kangyuj0531,2025-01-31,23:16:23,-08:00,2025-01-31T23:16:23-08:00,0,35
global.js,120,js,889711e3,kangyuj0531,2025-01-31,23:16:23,-08:00,2025-01-31T23:16:23-08:00,0,0
global.js,121,js,889711e3,kangyuj0531,2025-01-31,23:16:23,-08:00,2025-01-31T23:16:23-08:00,0,40
global.js,122,js,889711e3,kangyuj0531,2025-01-31,23:16:23,-08:00,2025-01-31T23:16:23-08:00,0,0
global.js,123,js,889711e3,kangyuj0531,2025-01-31,23:16:23,-08:00,2025-01-31T23:16:23-08:00,0,40
global.js,124,js,889711e3,kangyuj0531,2025-01-31,23:16:23,-08:00,2025-01-31T23:16:23-08:00,0,52
global.js,125,js,889711e3,kangyuj0531,2025-01-31,23:16:23,-08:00,2025-01-31T23:16:23-08:00,0,44
global.js,126,js,889711e3,kangyuj0531,2025-01-31,23:16:23,-08:00,2025-01-31T23:16:23-08:00,0,0
global.js,127,js,889711e3,kangyuj0531,2025-01-31,23:16:23,-08:00,2025-01-31T23:16:23-08:00,0,32
global.js,128,js,889711e3,kangyuj0531,2025-01-31,23:16:23,-08:00,2025-01-31T23:16:23-08:00,0,54
global.js,129,js,889711e3,kangyuj0531,2025-01-31,23:16:23,-08:00,2025-01-31T23:16:23-08:00,0,52
global.js,130,js,889711e3,kangyuj0531,2025-01-31,23:16:23,-08:00,2025-01-31T23:16:23-08:00,0,46
global.js,131,js,889711e3,kangyuj0531,2025-01-31,23:16:23,-08:00,2025-01-31T23:16:23-08:00,0,0
global.js,132,js,889711e3,kangyuj0531,2025-01-31,23:16:23,-08:00,2025-01-31T23:16:23-08:00,0,48
global.js,133,js,889711e3,kangyuj0531,2025-01-31,23:16:23,-08:00,2025-01-31T23:16:23-08:00,0,50
global.js,134,js,889711e3,kangyuj0531,2025-01-31,23:16:23,-08:00,2025-01-31T23:16:23-08:00,0,65
global.js,135,js,889711e3,kangyuj0531,2025-01-31,23:16:23,-08:00,2025-01-31T23:16:23-08:00,0,49
global.js,136,js,889711e3,kangyuj0531,2025-01-31,23:16:23,-08:00,2025-01-31T23:16:23-08:00,0,39
global.js,137,js,889711e3,kangyuj0531,2025-01-31,23:16:23,-08:00,2025-01-31T23:16:23-08:00,0,0
global.js,138,js,889711e3,kangyuj0531,2025-01-31,23:16:23,-08:00,2025-01-31T23:16:23-08:00,0,53
global.js,139,js,889711e3,kangyuj0531,2025-01-31,23:16:23,-08:00,2025-01-31T23:16:23-08:00,0,35
global.js,140,js,889711e3,kangyuj0531,2025-01-31,23:16:23,-08:00,2025-01-31T23:16:23-08:00,0,0
global.js,141,js,889711e3,kangyuj0531,2025-01-31,23:16:23,-08:00,2025-01-31T23:16:23-08:00,0,45
global.js,142,js,889711e3,kangyuj0531,2025-01-31,23:16:23,-08:00,2025-01-31T23:16:23-08:00,0,37
global.js,143,js,889711e3,kangyuj0531,2025-01-31,23:16:23,-08:00,2025-01-31T23:16:23-08:00,0,0
global.js,144,js,889711e3,kangyuj0531,2025-01-31,23:16:23,-08:00,2025-01-31T23:16:23-08:00,0,0
global.js,145,js,d92f6c8f,kangyuj0531,2025-01-31,16:45:22,-08:00,2025-01-31T16:45:22-08:00,0,0
global.js,146,js,889711e3,kangyuj0531,2025-01-31,23:16:23,-08:00,2025-01-31T23:16:23-08:00,0,48
global.js,147,js,889711e3,kangyuj0531,2025-01-31,23:16:23,-08:00,2025-01-31T23:16:23-08:00,0,23
global.js,148,js,889711e3,kangyuj0531,2025-01-31,23:16:23,-08:00,2025-01-31T23:16:23-08:00,0,60
global.js,149,js,889711e3,kangyuj0531,2025-01-31,23:16:23,-08:00,2025-01-31T23:16:23-08:00,0,0
resume/index.html,1,html,3ab89fc5,kangyuj0531,2025-01-10,01:28:30,-08:00,2025-01-10T01:28:30-08:00,0,14
resume/index.html,2,html,b6113b19,kangyuj0531,2025-01-24,23:58:40,-08:00,2025-01-24T23:58:40-08:00,0,15
resume/index.html,3,html,3ab89fc5,kangyuj0531,2025-01-10,01:28:30,-08:00,2025-01-10T01:28:30-08:00,0,5
resume/index.html,4,html,3ab89fc5,kangyuj0531,2025-01-10,01:28:30,-08:00,2025-01-10T01:28:30-08:00,0,21
resume/index.html,5,html,3ab89fc5,kangyuj0531,2025-01-10,01:28:30,-08:00,2025-01-10T01:28:30-08:00,0,69
resume/index.html,6,html,fc07d2e6,kangyuj0531,2025-01-17,17:13:04,-08:00,2025-01-17T17:13:04-08:00,0,20
resume/index.html,7,html,fc07d2e6,kangyuj0531,2025-01-17,17:13:04,-08:00,2025-01-17T17:13:04-08:00,0,42
resume/index.html,8,html,409fffeb,kangyuj0531,2025-01-24,22:29:52,-08:00,2025-01-24T22:29:52-08:00,0,49
resume/index.html,9,html,b58b39f2,kangyuj0531,2025-01-17,01:08:52,-08:00,2025-01-17T01:08:52-08:00,0,0
resume/index.html,10,html,3ab89fc5,kangyuj0531,2025-01-10,01:28:30,-08:00,2025-01-10T01:28:30-08:00,0,6
resume/index.html,11,html,3ab89fc5,kangyuj0531,2025-01-10,01:28:30,-08:00,2025-01-10T01:28:30-08:00,0,5
resume/index.html,12,html,e2750d54,kangyuj0531,2025-01-10,13:34:33,-08:00,2025-01-10T13:34:33-08:00,0,8
resume/index.html,13,html,e2750d54,kangyuj0531,2025-01-10,13:34:33,-08:00,2025-01-10T13:34:33-08:00,0,7
resume/index.html,14,html,e2750d54,kangyuj0531,2025-01-10,13:34:33,-08:00,2025-01-10T13:34:33-08:00,0,18
resume/index.html,15,html,e2750d54,kangyuj0531,2025-01-10,13:34:33,-08:00,2025-01-10T13:34:33-08:00,0,21
resume/index.html,16,html,e2750d54,kangyuj0531,2025-01-10,13:34:33,-08:00,2025-01-10T13:34:33-08:00,0,8
resume/index.html,17,html,e2750d54,kangyuj0531,2025-01-10,13:34:33,-08:00,2025-01-10T13:34:33-08:00,0,0
resume/index.html,18,html,e2750d54,kangyuj0531,2025-01-10,13:34:33,-08:00,2025-01-10T13:34:33-08:00,0,8
resume/index.html,19,html,e2750d54,kangyuj0531,2025-01-10,13:34:33,-08:00,2025-01-10T13:34:33-08:00,0,7
resume/index.html,20,html,e2750d54,kangyuj0531,2025-01-10,13:34:33,-08:00,2025-01-10T13:34:33-08:00,0,17
resume/index.html,21,html,e2750d54,kangyuj0531,2025-01-10,13:34:33,-08:00,2025-01-10T13:34:33-08:00,0,8
resume/index.html,22,html,d176cf78,kangyuj0531,2025-01-17,23:22:36,-08:00,2025-01-17T23:22:36-08:00,0,29
resume/index.html,23,html,d176cf78,kangyuj0531,2025-01-17,23:22:36,-08:00,2025-01-17T23:22:36-08:00,0,58
resume/index.html,24,html,d176cf78,kangyuj0531,2025-01-17,23:22:36,-08:00,2025-01-17T23:22:36-08:00,0,21
resume/index.html,25,html,d176cf78,kangyuj0531,2025-01-17,23:22:36,-08:00,2025-01-17T23:22:36-08:00,0,100
resume/index.html,26,html,d176cf78,kangyuj0531,2025-01-17,23:22:36,-08:00,2025-01-17T23:22:36-08:00,0,3
resume/index.html,27,html,d176cf78,kangyuj0531,2025-01-17,23:22:36,-08:00,2025-01-17T23:22:36-08:00,0,5
resume/index.html,28,html,e2750d54,kangyuj0531,2025-01-10,13:34:33,-08:00,2025-01-10T13:34:33-08:00,0,39
resume/index.html,29,html,e2750d54,kangyuj0531,2025-01-10,13:34:33,-08:00,2025-01-10T13:34:33-08:00,0,9
resume/index.html,30,html,e2750d54,kangyuj0531,2025-01-10,13:34:33,-08:00,2025-01-10T13:34:33-08:00,0,0
resume/index.html,31,html,e2750d54,kangyuj0531,2025-01-10,13:34:33,-08:00,2025-01-10T13:34:33-08:00,0,8
resume/index.html,32,html,e2750d54,kangyuj0531,2025-01-10,13:34:33,-08:00,2025-01-10T13:34:33-08:00,0,7
resume/index.html,33,html,e2750d54,kangyuj0531,2025-01-10,13:34:33,-08:00,2025-01-10T13:34:33-08:00,0,18
resume/index.html,34,html,e2750d54,kangyuj0531,2025-01-10,13:34:33,-08:00,2025-01-10T13:34:33-08:00,0,8
resume/index.html,35,html,d176cf78,kangyuj0531,2025-01-17,23:22:36,-08:00,2025-01-17T23:22:36-08:00,0,30
resume/index.html,36,html,d176cf78,kangyuj0531,2025-01-17,23:22:36,-08:00,2025-01-17T23:22:36-08:00,0,53
resume/index.html,37,html,d176cf78,kangyuj0531,2025-01-17,23:22:36,-08:00,2025-01-17T23:22:36-08:00,0,21
resume/index.html,38,html,d176cf78,kangyuj0531,2025-01-17,23:22:36,-08:00,2025-01-17T23:22:36-08:00,0,100
resume/index.html,39,html,d176cf78,kangyuj0531,2025-01-17,23:22:36,-08:00,2025-01-17T23:22:36-08:00,0,3
resume/index.html,40,html,d176cf78,kangyuj0531,2025-01-17,23:22:36,-08:00,2025-01-17T23:22:36-08:00,0,5
resume/index.html,41,html,e2750d54,kangyuj0531,2025-01-10,13:34:33,-08:00,2025-01-10T13:34:33-08:00,0,20
resume/index.html,42,html,e2750d54,kangyuj0531,2025-01-10,13:34:33,-08:00,2025-01-10T13:34:33-08:00,0,3
resume/index.html,43,html,e2750d54,kangyuj0531,2025-01-10,13:34:33,-08:00,2025-01-10T13:34:33-08:00,0,176
resume/index.html,44,html,e2750d54,kangyuj0531,2025-01-10,13:34:33,-08:00,2025-01-10T13:34:33-08:00,0,119
resume/index.html,45,html,e2750d54,kangyuj0531,2025-01-10,13:34:33,-08:00,2025-01-10T13:34:33-08:00,0,4
resume/index.html,46,html,e2750d54,kangyuj0531,2025-01-10,13:34:33,-08:00,2025-01-10T13:34:33-08:00,0,9
resume/index.html,47,html,e2750d54,kangyuj0531,2025-01-10,13:34:33,-08:00,2025-01-10T13:34:33-08:00,0,0
resume/index.html,48,html,e2750d54,kangyuj0531,2025-01-10,13:34:33,-08:00,2025-01-10T13:34:33-08:00,0,8
resume/index.html,49,html,e2750d54,kangyuj0531,2025-01-10,13:34:33,-08:00,2025-01-10T13:34:33-08:00,0,7
resume/index.html,50,html,e2750d54,kangyuj0531,2025-01-10,13:34:33,-08:00,2025-01-10T13:34:33-08:00,0,14
resume/index.html,51,html,e2750d54,kangyuj0531,2025-01-10,13:34:33,-08:00,2025-01-10T13:34:33-08:00,0,8
resume/index.html,52,html,e2750d54,kangyuj0531,2025-01-10,13:34:33,-08:00,2025-01-10T13:34:33-08:00,0,3
resume/index.html,53,html,e2750d54,kangyuj0531,2025-01-10,13:34:33,-08:00,2025-01-10T13:34:33-08:00,0,50
resume/index.html,54,html,e2750d54,kangyuj0531,2025-01-10,13:34:33,-08:00,2025-01-10T13:34:33-08:00,0,34
resume/index.html,55,html,e2750d54,kangyuj0531,2025-01-10,13:34:33,-08:00,2025-01-10T13:34:33-08:00,0,18
resume/index.html,56,html,e2750d54,kangyuj0531,2025-01-10,13:34:33,-08:00,2025-01-10T13:34:33-08:00,0,4
resume/index.html,57,html,e2750d54,kangyuj0531,2025-01-10,13:34:33,-08:00,2025-01-10T13:34:33-08:00,0,9
resume/index.html,58,html,e2750d54,kangyuj0531,2025-01-10,13:34:33,-08:00,2025-01-10T13:34:33-08:00,0,0
resume/index.html,59,html,e2750d54,kangyuj0531,2025-01-10,13:34:33,-08:00,2025-01-10T13:34:33-08:00,0,8
resume/index.html,60,html,e2750d54,kangyuj0531,2025-01-10,13:34:33,-08:00,2025-01-10T13:34:33-08:00,0,7
resume/index.html,61,html,e2750d54,kangyuj0531,2025-01-10,13:34:33,-08:00,2025-01-10T13:34:33-08:00,0,16
resume/index.html,62,html,e2750d54,kangyuj0531,2025-01-10,13:34:33,-08:00,2025-01-10T13:34:33-08:00,0,8
resume/index.html,63,html,e2750d54,kangyuj0531,2025-01-10,13:34:33,-08:00,2025-01-10T13:34:33-08:00,0,31
resume/index.html,64,html,e2750d54,kangyuj0531,2025-01-10,13:34:33,-08:00,2025-01-10T13:34:33-08:00,0,3
resume/index.html,65,html,e2750d54,kangyuj0531,2025-01-10,13:34:33,-08:00,2025-01-10T13:34:33-08:00,0,227
resume/index.html,66,html,e2750d54,kangyuj0531,2025-01-10,13:34:33,-08:00,2025-01-10T13:34:33-08:00,0,145
resume/index.html,67,html,e2750d54,kangyuj0531,2025-01-10,13:34:33,-08:00,2025-01-10T13:34:33-08:00,0,185
resume/index.html,68,html,e2750d54,kangyuj0531,2025-01-10,13:34:33,-08:00,2025-01-10T13:34:33-08:00,0,4
resume/index.html,69,html,e2750d54,kangyuj0531,2025-01-10,13:34:33,-08:00,2025-01-10T13:34:33-08:00,0,0
resume/index.html,70,html,e2750d54,kangyuj0531,2025-01-10,13:34:33,-08:00,2025-01-10T13:34:33-08:00,0,38
resume/index.html,71,html,e2750d54,kangyuj0531,2025-01-10,13:34:33,-08:00,2025-01-10T13:34:33-08:00,0,3
resume/index.html,72,html,e2750d54,kangyuj0531,2025-01-10,13:34:33,-08:00,2025-01-10T13:34:33-08:00,0,164
resume/index.html,73,html,e2750d54,kangyuj0531,2025-01-10,13:34:33,-08:00,2025-01-10T13:34:33-08:00,0,167
resume/index.html,74,html,e2750d54,kangyuj0531,2025-01-10,13:34:33,-08:00,2025-01-10T13:34:33-08:00,0,84
resume/index.html,75,html,e2750d54,kangyuj0531,2025-01-10,13:34:33,-08:00,2025-01-10T13:34:33-08:00,0,179
resume/index.html,76,html,e2750d54,kangyuj0531,2025-01-10,13:34:33,-08:00,2025-01-10T13:34:33-08:00,0,108
resume/index.html,77,html,e2750d54,kangyuj0531,2025-01-10,13:34:33,-08:00,2025-01-10T13:34:33-08:00,0,94
resume/index.html,78,html,e2750d54,kangyuj0531,2025-01-10,13:34:33,-08:00,2025-01-10T13:34:33-08:00,0,0
resume/index.html,79,html,e2750d54,kangyuj0531,2025-01-10,13:34:33,-08:00,2025-01-10T13:34:33-08:00,0,4
resume/index.html,80,html,e2750d54,kangyuj0531,2025-01-10,13:34:33,-08:00,2025-01-10T13:34:33-08:00,0,0
resume/index.html,81,html,e2750d54,kangyuj0531,2025-01-10,13:34:33,-08:00,2025-01-10T13:34:33-08:00,0,9
resume/index.html,82,html,e2750d54,kangyuj0531,2025-01-10,13:34:33,-08:00,2025-01-10T13:34:33-08:00,0,9
resume/index.html,83,html,3ab89fc5,kangyuj0531,2025-01-10,01:28:30,-08:00,2025-01-10T01:28:30-08:00,0,6
resume/index.html,84,html,3ab89fc5,kangyuj0531,2025-01-10,01:28:30,-08:00,2025-01-10T01:28:30-08:00,0,6
projects/projects.js,1,js,889711e3,kangyuj0531,2025-01-31,23:16:23,-08:00,2025-01-31T23:16:23-08:00,0,56
projects/projects.js,2,js,c9fb0ccf,kangyuj0531,2025-02-07,21:44:59,-08:00,2025-02-07T21:44:59-08:00,0,64
projects/projects.js,3,js,889711e3,kangyuj0531,2025-01-31,23:16:23,-08:00,2025-01-31T23:16:23-08:00,0,0
projects/projects.js,4,js,bc197109,kangyuj0531,2025-02-08,22:23:48,-08:00,2025-02-08T22:23:48-08:00,0,56
projects/projects.js,5,js,bc197109,kangyuj0531,2025-02-08,22:23:48,-08:00,2025-02-08T22:23:48-08:00,0,61
projects/projects.js,6,js,bc197109,kangyuj0531,2025-02-08,22:23:48,-08:00,2025-02-08T22:23:48-08:00,0,49
projects/projects.js,7,js,889711e3,kangyuj0531,2025-01-31,23:16:23,-08:00,2025-01-31T23:16:23-08:00,0,0
projects/projects.js,8,js,bc197109,kangyuj0531,2025-02-08,22:23:48,-08:00,2025-02-08T22:23:48-08:00,0,63
projects/projects.js,9,js,bc197109,kangyuj0531,2025-02-08,22:23:48,-08:00,2025-02-08T22:23:48-08:00,0,57
projects/projects.js,10,js,c9fb0ccf,kangyuj0531,2025-02-07,21:44:59,-08:00,2025-02-07T21:44:59-08:00,0,0
projects/projects.js,11,js,c9fb0ccf,kangyuj0531,2025-02-07,21:44:59,-08:00,2025-02-07T21:44:59-08:00,0,58
projects/projects.js,12,js,c9fb0ccf,kangyuj0531,2025-02-07,21:44:59,-08:00,2025-02-07T21:44:59-08:00,0,0
projects/projects.js,13,js,bc197109,kangyuj0531,2025-02-08,22:23:48,-08:00,2025-02-08T22:23:48-08:00,0,39
projects/projects.js,14,js,bc197109,kangyuj0531,2025-02-08,22:23:48,-08:00,2025-02-08T22:23:48-08:00,0,26
projects/projects.js,15,js,bc197109,kangyuj0531,2025-02-08,22:23:48,-08:00,2025-02-08T22:23:48-08:00,0,30
projects/projects.js,16,js,bc197109,kangyuj0531,2025-02-08,22:23:48,-08:00,2025-02-08T22:23:48-08:00,0,13
projects/projects.js,17,js,bc197109,kangyuj0531,2025-02-08,22:23:48,-08:00,2025-02-08T22:23:48-08:00,0,15
projects/projects.js,18,js,bc197109,kangyuj0531,2025-02-08,22:23:48,-08:00,2025-02-08T22:23:48-08:00,0,12
projects/projects.js,19,js,bc197109,kangyuj0531,2025-02-08,22:23:48,-08:00,2025-02-08T22:23:48-08:00,0,1
projects/projects.js,20,js,bc197109,kangyuj0531,2025-02-08,22:23:48,-08:00,2025-02-08T22:23:48-08:00,0,0
projects/projects.js,21,js,bc197109,kangyuj0531,2025-02-08,22:23:48,-08:00,2025-02-08T22:23:48-08:00,0,19
projects/projects.js,22,js,bc197109,kangyuj0531,2025-02-08,22:23:48,-08:00,2025-02-08T22:23:48-08:00,0,51
projects/projects.js,23,js,bc197109,kangyuj0531,2025-02-08,22:23:48,-08:00,2025-02-08T22:23:48-08:00,0,36
projects/projects.js,24,js,bc197109,kangyuj0531,2025-02-08,22:23:48,-08:00,2025-02-08T22:23:48-08:00,0,2
projects/projects.js,25,js,bc197109,kangyuj0531,2025-02-08,22:23:48,-08:00,2025-02-08T22:23:48-08:00,0,0
projects/projects.js,26,js,bc197109,kangyuj0531,2025-02-08,22:23:48,-08:00,2025-02-08T22:23:48-08:00,0,51
projects/projects.js,27,js,bc197109,kangyuj0531,2025-02-08,22:23:48,-08:00,2025-02-08T22:23:48-08:00,0,52
projects/projects.js,28,js,bc197109,kangyuj0531,2025-02-08,22:23:48,-08:00,2025-02-08T22:23:48-08:00,0,43
projects/projects.js,29,js,bc197109,kangyuj0531,2025-02-08,22:23:48,-08:00,2025-02-08T22:23:48-08:00,0,58
projects/projects.js,30,js,bc197109,kangyuj0531,2025-02-08,22:23:48,-08:00,2025-02-08T22:23:48-08:00,0,48
projects/projects.js,31,js,c9fb0ccf,kangyuj0531,2025-02-07,21:44:59,-08:00,2025-02-07T21:44:59-08:00,0,0
projects/projects.js,32,js,bc197109,kangyuj0531,2025-02-08,22:23:48,-08:00,2025-02-08T22:23:48-08:00,0,34
projects/projects.js,33,js,bc197109,kangyuj0531,2025-02-08,22:23:48,-08:00,2025-02-08T22:23:48-08:00,0,43
projects/projects.js,34,js,bc197109,kangyuj0531,2025-02-08,22:23:48,-08:00,2025-02-08T22:23:48-08:00,0,45
projects/projects.js,35,js,bc197109,kangyuj0531,2025-02-08,22:23:48,-08:00,2025-02-08T22:23:48-08:00,0,0
projects/projects.js,36,js,bc197109,kangyuj0531,2025-02-08,22:23:48,-08:00,2025-02-08T22:23:48-08:00,0,63
projects/projects.js,37,js,bc197109,kangyuj0531,2025-02-08,22:23:48,-08:00,2025-02-08T22:23:48-08:00,0,32
projects/projects.js,38,js,bc197109,kangyuj0531,2025-02-08,22:23:48,-08:00,2025-02-08T22:23:48-08:00,0,15
projects/projects.js,39,js,bc197109,kangyuj0531,2025-02-08,22:23:48,-08:00,2025-02-08T22:23:48-08:00,0,14
projects/projects.js,40,js,bc197109,kangyuj0531,2025-02-08,22:23:48,-08:00,2025-02-08T22:23:48-08:00,0,16
projects/projects.js,41,js,bc197109,kangyuj0531,2025-02-08,22:23:48,-08:00,2025-02-08T22:23:48-08:00,0,26
projects/projects.js,42,js,bc197109,kangyuj0531,2025-02-08,22:23:48,-08:00,2025-02-08T22:23:48-08:00,0,2
projects/projects.js,43,js,bc197109,kangyuj0531,2025-02-08,22:23:48,-08:00,2025-02-08T22:23:48-08:00,0,0
projects/projects.js,44,js,bc197109,kangyuj0531,2025-02-08,22:23:48,-08:00,2025-02-08T22:23:48-08:00,0,37
projects/projects.js,45,js,bc197109,kangyuj0531,2025-02-08,22:23:48,-08:00,2025-02-08T22:23:48-08:00,0,33
projects/projects.js,46,js,bc197109,kangyuj0531,2025-02-08,22:23:48,-08:00,2025-02-08T22:23:48-08:00,0,28
projects/projects.js,47,js,bc197109,kangyuj0531,2025-02-08,22:23:48,-08:00,2025-02-08T22:23:48-08:00,0,18
projects/projects.js,48,js,bc197109,kangyuj0531,2025-02-08,22:23:48,-08:00,2025-02-08T22:23:48-08:00,0,39
projects/projects.js,49,js,bc197109,kangyuj0531,2025-02-08,22:23:48,-08:00,2025-02-08T22:23:48-08:00,0,70
projects/projects.js,50,js,bc197109,kangyuj0531,2025-02-08,22:23:48,-08:00,2025-02-08T22:23:48-08:00,0,2
projects/projects.js,51,js,c9fb0ccf,kangyuj0531,2025-02-07,21:44:59,-08:00,2025-02-07T21:44:59-08:00,0,0
projects/projects.js,52,js,c9fb0ccf,kangyuj0531,2025-02-07,21:44:59,-08:00,2025-02-07T21:44:59-08:00,0,0
projects/projects.js,53,js,bc197109,kangyuj0531,2025-02-08,22:23:48,-08:00,2025-02-08T22:23:48-08:00,0,24
projects/projects.js,54,js,c9fb0ccf,kangyuj0531,2025-02-07,21:44:59,-08:00,2025-02-07T21:44:59-08:00,0,0
projects/projects.js,55,js,bc197109,kangyuj0531,2025-02-08,22:23:48,-08:00,2025-02-08T22:23:48-08:00,0,14
projects/projects.js,56,js,bc197109,kangyuj0531,2025-02-08,22:23:48,-08:00,2025-02-08T22:23:48-08:00,0,54
projects/projects.js,57,js,bc197109,kangyuj0531,2025-02-08,22:23:48,-08:00,2025-02-08T22:23:48-08:00,0,49
projects/projects.js,58,js,bc197109,kangyuj0531,2025-02-08,22:23:48,-08:00,2025-02-08T22:23:48-08:00,0,40
projects/projects.js,59,js,bc197109,kangyuj0531,2025-02-08,22:23:48,-08:00,2025-02-08T22:23:48-08:00,0,30
projects/projects.js,60,js,bc197109,kangyuj0531,2025-02-08,22:23:48,-08:00,2025-02-08T22:23:48-08:00,0,52
projects/projects.js,61,js,bc197109,kangyuj0531,2025-02-08,22:23:48,-08:00,2025-02-08T22:23:48-08:00,0,60
projects/projects.js,62,js,bc197109,kangyuj0531,2025-02-08,22:23:48,-08:00,2025-02-08T22:23:48-08:00,0,43
projects/projects.js,63,js,bc197109,kangyuj0531,2025-02-08,22:23:48,-08:00,2025-02-08T22:23:48-08:00,0,2
projects/projects.js,64,js,bc197109,kangyuj0531,2025-02-08,22:23:48,-08:00,2025-02-08T22:23:48-08:00,0,0
projects/projects.js,65,js,bc197109,kangyuj0531,2025-02-08,22:23:48,-08:00,2025-02-08T22:23:48-08:00,0,45
projects/projects.js,66,js,bc197109,kangyuj0531,2025-02-08,22:23:48,-08:00,2025-02-08T22:23:48-08:00,0,75
projects/projects.js,67,js,bc197109,kangyuj0531,2025-02-08,22:23:48,-08:00,2025-02-08T22:23:48-08:00,0,0
projects/projects.js,68,js,bc197109,kangyuj0531,2025-02-08,22:23:48,-08:00,2025-02-08T22:23:48-08:00,0,48
projects/projects.js,69,js,cff3723c,kangyuj0531,2025-02-08,23:00:04,-08:00,2025-02-08T23:00:04-08:00,0,35
projects/projects.js,70,js,cff3723c,kangyuj0531,2025-02-08,23:00:04,-08:00,2025-02-08T23:00:04-08:00,0,0
projects/projects.js,71,js,cff3723c,kangyuj0531,2025-02-08,23:00:04,-08:00,2025-02-08T23:00:04-08:00,0,38
projects/projects.js,72,js,cff3723c,kangyuj0531,2025-02-08,23:00:04,-08:00,2025-02-08T23:00:04-08:00,0,0
projects/projects.js,73,js,bc197109,kangyuj0531,2025-02-08,22:23:48,-08:00,2025-02-08T22:23:48-08:00,0,2
projects/projects.js,74,js,c9fb0ccf,kangyuj0531,2025-02-07,21:44:59,-08:00,2025-02-07T21:44:59-08:00,0,0
projects/projects.js,75,js,bc197109,kangyuj0531,2025-02-08,22:23:48,-08:00,2025-02-08T22:23:48-08:00,0,22
projects/projects.js,76,js,c9fb0ccf,kangyuj0531,2025-02-07,21:44:59,-08:00,2025-02-07T21:44:59-08:00,0,0
projects/projects.js,77,js,bc197109,kangyuj0531,2025-02-08,22:23:48,-08:00,2025-02-08T22:23:48-08:00,0,26
projects/projects.js,78,js,bc197109,kangyuj0531,2025-02-08,22:23:48,-08:00,2025-02-08T22:23:48-08:00,0,33
projects/projects.js,79,js,c9fb0ccf,kangyuj0531,2025-02-07,21:44:59,-08:00,2025-02-07T21:44:59-08:00,0,48
projects/projects.js,80,js,c9fb0ccf,kangyuj0531,2025-02-07,21:44:59,-08:00,2025-02-07T21:44:59-08:00,0,0
projects/projects.js,81,js,cff3723c,kangyuj0531,2025-02-08,23:00:04,-08:00,2025-02-08T23:00:04-08:00,0,34
projects/projects.js,82,js,cff3723c,kangyuj0531,2025-02-08,23:00:04,-08:00,2025-02-08T23:00:04-08:00,0,27
projects/projects.js,83,js,cff3723c,kangyuj0531,2025-02-08,23:00:04,-08:00,2025-02-08T23:00:04-08:00,0,8
projects/projects.js,84,js,cff3723c,kangyuj0531,2025-02-08,23:00:04,-08:00,2025-02-08T23:00:04-08:00,0,15
projects/projects.js,85,js,cff3723c,kangyuj0531,2025-02-08,23:00:04,-08:00,2025-02-08T23:00:04-08:00,0,13
projects/projects.js,86,js,cff3723c,kangyuj0531,2025-02-08,23:00:04,-08:00,2025-02-08T23:00:04-08:00,0,1
projects/projects.js,87,js,cff3723c,kangyuj0531,2025-02-08,23:00:04,-08:00,2025-02-08T23:00:04-08:00,0,0
projects/projects.js,88,js,cff3723c,kangyuj0531,2025-02-08,23:00:04,-08:00,2025-02-08T23:00:04-08:00,0,45
projects/projects.js,89,js,cff3723c,kangyuj0531,2025-02-08,23:00:04,-08:00,2025-02-08T23:00:04-08:00,0,36
projects/projects.js,90,js,cff3723c,kangyuj0531,2025-02-08,23:00:04,-08:00,2025-02-08T23:00:04-08:00,0,2
projects/projects.js,91,js,cff3723c,kangyuj0531,2025-02-08,23:00:04,-08:00,2025-02-08T23:00:04-08:00,0,0
projects/projects.js,92,js,bc197109,kangyuj0531,2025-02-08,22:23:48,-08:00,2025-02-08T22:23:48-08:00,0,51
projects/projects.js,93,js,bc197109,kangyuj0531,2025-02-08,22:23:48,-08:00,2025-02-08T22:23:48-08:00,0,34
projects/projects.js,94,js,bc197109,kangyuj0531,2025-02-08,22:23:48,-08:00,2025-02-08T22:23:48-08:00,0,46
projects/projects.js,95,js,bc197109,kangyuj0531,2025-02-08,22:23:48,-08:00,2025-02-08T22:23:48-08:00,0,0
projects/projects.js,96,js,bc197109,kangyuj0531,2025-02-08,22:23:48,-08:00,2025-02-08T22:23:48-08:00,0,30
projects/projects.js,97,js,bc197109,kangyuj0531,2025-02-08,22:23:48,-08:00,2025-02-08T22:23:48-08:00,0,25
projects/projects.js,98,js,bc197109,kangyuj0531,2025-02-08,22:23:48,-08:00,2025-02-08T22:23:48-08:00,0,2
projects/projects.js,99,js,bc197109,kangyuj0531,2025-02-08,22:23:48,-08:00,2025-02-08T22:23:48-08:00,0,14
projects/projects.js,100,js,bc197109,kangyuj0531,2025-02-08,22:23:48,-08:00,2025-02-08T22:23:48-08:00,0,14
projects/projects.js,101,js,bc197109,kangyuj0531,2025-02-08,22:23:48,-08:00,2025-02-08T22:23:48-08:00,0,23
projects/projects.js,102,js,bc197109,kangyuj0531,2025-02-08,22:23:48,-08:00,2025-02-08T22:23:48-08:00,0,19
projects/projects.js,103,js,bc197109,kangyuj0531,2025-02-08,22:23:48,-08:00,2025-02-08T22:23:48-08:00,0,44
projects/projects.js,104,js,bc197109,kangyuj0531,2025-02-08,22:23:48,-08:00,2025-02-08T22:23:48-08:00,0,0
projects/projects.js,105,js,bc197109,kangyuj0531,2025-02-08,22:23:48,-08:00,2025-02-08T22:23:48-08:00,0,2
projects/projects.js,106,js,bc197109,kangyuj0531,2025-02-08,22:23:48,-08:00,2025-02-08T22:23:48-08:00,0,17
projects/projects.js,107,js,bc197109,kangyuj0531,2025-02-08,22:23:48,-08:00,2025-02-08T22:23:48-08:00,0,69
projects/projects.js,108,js,bc197109,kangyuj0531,2025-02-08,22:23:48,-08:00,2025-02-08T22:23:48-08:00,0,0
projects/projects.js,109,js,bc197109,kangyuj0531,2025-02-08,22:23:48,-08:00,2025-02-08T22:23:48-08:00,0,5
projects/projects.js,110,js,bc197109,kangyuj0531,2025-02-08,22:23:48,-08:00,2025-02-08T22:23:48-08:00,0,15
projects/projects.js,111,js,bc197109,kangyuj0531,2025-02-08,22:23:48,-08:00,2025-02-08T22:23:48-08:00,0,69
projects/projects.js,112,js,bc197109,kangyuj0531,2025-02-08,22:23:48,-08:00,2025-02-08T22:23:48-08:00,0,0
projects/projects.js,113,js,bc197109,kangyuj0531,2025-02-08,22:23:48,-08:00,2025-02-08T22:23:48-08:00,0,26
projects/projects.js,114,js,bc197109,kangyuj0531,2025-02-08,22:23:48,-08:00,2025-02-08T22:23:48-08:00,0,49
projects/projects.js,115,js,bc197109,kangyuj0531,2025-02-08,22:23:48,-08:00,2025-02-08T22:23:48-08:00,0,7
projects/projects.js,116,js,bc197109,kangyuj0531,2025-02-08,22:23:48,-08:00,2025-02-08T22:23:48-08:00,0,44
projects/projects.js,117,js,bc197109,kangyuj0531,2025-02-08,22:23:48,-08:00,2025-02-08T22:23:48-08:00,0,80
projects/projects.js,118,js,bc197109,kangyuj0531,2025-02-08,22:23:48,-08:00,2025-02-08T22:23:48-08:00,0,57
projects/projects.js,119,js,bc197109,kangyuj0531,2025-02-08,22:23:48,-08:00,2025-02-08T22:23:48-08:00,0,0
projects/projects.js,120,js,bc197109,kangyuj0531,2025-02-08,22:23:48,-08:00,2025-02-08T22:23:48-08:00,0,2
projects/projects.js,121,js,bc197109,kangyuj0531,2025-02-08,22:23:48,-08:00,2025-02-08T22:23:48-08:00,0,2
projects/projects.js,122,js,bc197109,kangyuj0531,2025-02-08,22:23:48,-08:00,2025-02-08T22:23:48-08:00,0,0
projects/projects.js,123,js,c9fb0ccf,kangyuj0531,2025-02-07,21:44:59,-08:00,2025-02-07T21:44:59-08:00,0,0
projects/projects.js,124,js,cff3723c,kangyuj0531,2025-02-08,23:00:04,-08:00,2025-02-08T23:00:04-08:00,0,24
projects/projects.js,125,js,bc197109,kangyuj0531,2025-02-08,22:23:48,-08:00,2025-02-08T22:23:48-08:00,0,0
projects/projects.js,126,js,bc197109,kangyuj0531,2025-02-08,22:23:48,-08:00,2025-02-08T22:23:48-08:00,0,0
projects/projects.js,127,js,cff3723c,kangyuj0531,2025-02-08,23:00:04,-08:00,2025-02-08T23:00:04-08:00,0,45
projects/projects.js,128,js,cff3723c,kangyuj0531,2025-02-08,23:00:04,-08:00,2025-02-08T23:00:04-08:00,0,26
projects/projects.js,129,js,cff3723c,kangyuj0531,2025-02-08,23:00:04,-08:00,2025-02-08T23:00:04-08:00,0,30
projects/projects.js,130,js,cff3723c,kangyuj0531,2025-02-08,23:00:04,-08:00,2025-02-08T23:00:04-08:00,0,13
projects/projects.js,131,js,cff3723c,kangyuj0531,2025-02-08,23:00:04,-08:00,2025-02-08T23:00:04-08:00,0,15
projects/projects.js,132,js,cff3723c,kangyuj0531,2025-02-08,23:00:04,-08:00,2025-02-08T23:00:04-08:00,0,12
projects/projects.js,133,js,cff3723c,kangyuj0531,2025-02-08,23:00:04,-08:00,2025-02-08T23:00:04-08:00,0,1
projects/projects.js,134,js,cff3723c,kangyuj0531,2025-02-08,23:00:04,-08:00,2025-02-08T23:00:04-08:00,0,0
projects/projects.js,135,js,cff3723c,kangyuj0531,2025-02-08,23:00:04,-08:00,2025-02-08T23:00:04-08:00,0,19
projects/projects.js,136,js,cff3723c,kangyuj0531,2025-02-08,23:00:04,-08:00,2025-02-08T23:00:04-08:00,0,51
projects/projects.js,137,js,cff3723c,kangyuj0531,2025-02-08,23:00:04,-08:00,2025-02-08T23:00:04-08:00,0,36
projects/projects.js,138,js,cff3723c,kangyuj0531,2025-02-08,23:00:04,-08:00,2025-02-08T23:00:04-08:00,0,2
projects/projects.js,139,js,cff3723c,kangyuj0531,2025-02-08,23:00:04,-08:00,2025-02-08T23:00:04-08:00,0,0
projects/projects.js,140,js,cff3723c,kangyuj0531,2025-02-08,23:00:04,-08:00,2025-02-08T23:00:04-08:00,0,51
projects/projects.js,141,js,cff3723c,kangyuj0531,2025-02-08,23:00:04,-08:00,2025-02-08T23:00:04-08:00,0,52
projects/projects.js,142,js,cff3723c,kangyuj0531,2025-02-08,23:00:04,-08:00,2025-02-08T23:00:04-08:00,0,43
projects/projects.js,143,js,cff3723c,kangyuj0531,2025-02-08,23:00:04,-08:00,2025-02-08T23:00:04-08:00,0,58
projects/projects.js,144,js,cff3723c,kangyuj0531,2025-02-08,23:00:04,-08:00,2025-02-08T23:00:04-08:00,0,48
projects/projects.js,145,js,cff3723c,kangyuj0531,2025-02-08,23:00:04,-08:00,2025-02-08T23:00:04-08:00,0,0
projects/projects.js,146,js,cff3723c,kangyuj0531,2025-02-08,23:00:04,-08:00,2025-02-08T23:00:04-08:00,0,34
projects/projects.js,147,js,cff3723c,kangyuj0531,2025-02-08,23:00:04,-08:00,2025-02-08T23:00:04-08:00,0,43
projects/projects.js,148,js,cff3723c,kangyuj0531,2025-02-08,23:00:04,-08:00,2025-02-08T23:00:04-08:00,0,45
projects/projects.js,149,js,cff3723c,kangyuj0531,2025-02-08,23:00:04,-08:00,2025-02-08T23:00:04-08:00,0,0
projects/projects.js,150,js,cff3723c,kangyuj0531,2025-02-08,23:00:04,-08:00,2025-02-08T23:00:04-08:00,0,63
projects/projects.js,151,js,cff3723c,kangyuj0531,2025-02-08,23:00:04,-08:00,2025-02-08T23:00:04-08:00,0,32
projects/projects.js,152,js,cff3723c,kangyuj0531,2025-02-08,23:00:04,-08:00,2025-02-08T23:00:04-08:00,0,15
projects/projects.js,153,js,cff3723c,kangyuj0531,2025-02-08,23:00:04,-08:00,2025-02-08T23:00:04-08:00,0,14
projects/projects.js,154,js,cff3723c,kangyuj0531,2025-02-08,23:00:04,-08:00,2025-02-08T23:00:04-08:00,0,16
projects/projects.js,155,js,cff3723c,kangyuj0531,2025-02-08,23:00:04,-08:00,2025-02-08T23:00:04-08:00,0,26
projects/projects.js,156,js,cff3723c,kangyuj0531,2025-02-08,23:00:04,-08:00,2025-02-08T23:00:04-08:00,0,2
projects/projects.js,157,js,cff3723c,kangyuj0531,2025-02-08,23:00:04,-08:00,2025-02-08T23:00:04-08:00,0,0
projects/projects.js,158,js,cff3723c,kangyuj0531,2025-02-08,23:00:04,-08:00,2025-02-08T23:00:04-08:00,0,37
projects/projects.js,159,js,cff3723c,kangyuj0531,2025-02-08,23:00:04,-08:00,2025-02-08T23:00:04-08:00,0,33
projects/projects.js,160,js,cff3723c,kangyuj0531,2025-02-08,23:00:04,-08:00,2025-02-08T23:00:04-08:00,0,28
projects/projects.js,161,js,cff3723c,kangyuj0531,2025-02-08,23:00:04,-08:00,2025-02-08T23:00:04-08:00,0,18
projects/projects.js,162,js,cff3723c,kangyuj0531,2025-02-08,23:00:04,-08:00,2025-02-08T23:00:04-08:00,0,39
projects/projects.js,163,js,cff3723c,kangyuj0531,2025-02-08,23:00:04,-08:00,2025-02-08T23:00:04-08:00,0,70
projects/projects.js,164,js,cff3723c,kangyuj0531,2025-02-08,23:00:04,-08:00,2025-02-08T23:00:04-08:00,0,2
projects/projects.js,165,js,cff3723c,kangyuj0531,2025-02-08,23:00:04,-08:00,2025-02-08T23:00:04-08:00,0,0
projects/projects.js,166,js,cff3723c,kangyuj0531,2025-02-08,23:00:04,-08:00,2025-02-08T23:00:04-08:00,0,27
projects/projects.js,167,js,cff3723c,kangyuj0531,2025-02-08,23:00:04,-08:00,2025-02-08T23:00:04-08:00,0,13
projects/projects.js,168,js,cff3723c,kangyuj0531,2025-02-08,23:00:04,-08:00,2025-02-08T23:00:04-08:00,0,15
projects/projects.js,169,js,cff3723c,kangyuj0531,2025-02-08,23:00:04,-08:00,2025-02-08T23:00:04-08:00,0,13
projects/projects.js,170,js,cff3723c,kangyuj0531,2025-02-08,23:00:04,-08:00,2025-02-08T23:00:04-08:00,0,1
projects/projects.js,171,js,cff3723c,kangyuj0531,2025-02-08,23:00:04,-08:00,2025-02-08T23:00:04-08:00,0,0
projects/projects.js,172,js,cff3723c,kangyuj0531,2025-02-08,23:00:04,-08:00,2025-02-08T23:00:04-08:00,0,45
projects/projects.js,173,js,cff3723c,kangyuj0531,2025-02-08,23:00:04,-08:00,2025-02-08T23:00:04-08:00,0,36
projects/projects.js,174,js,cff3723c,kangyuj0531,2025-02-08,23:00:04,-08:00,2025-02-08T23:00:04-08:00,0,2
projects/projects.js,175,js,cff3723c,kangyuj0531,2025-02-08,23:00:04,-08:00,2025-02-08T23:00:04-08:00,0,0
projects/projects.js,176,js,cff3723c,kangyuj0531,2025-02-08,23:00:04,-08:00,2025-02-08T23:00:04-08:00,0,51
projects/projects.js,177,js,cff3723c,kangyuj0531,2025-02-08,23:00:04,-08:00,2025-02-08T23:00:04-08:00,0,34
projects/projects.js,178,js,cff3723c,kangyuj0531,2025-02-08,23:00:04,-08:00,2025-02-08T23:00:04-08:00,0,46
projects/projects.js,179,js,cff3723c,kangyuj0531,2025-02-08,23:00:04,-08:00,2025-02-08T23:00:04-08:00,0,0
projects/projects.js,180,js,cff3723c,kangyuj0531,2025-02-08,23:00:04,-08:00,2025-02-08T23:00:04-08:00,0,30
projects/projects.js,181,js,cff3723c,kangyuj0531,2025-02-08,23:00:04,-08:00,2025-02-08T23:00:04-08:00,0,25
projects/projects.js,182,js,cff3723c,kangyuj0531,2025-02-08,23:00:04,-08:00,2025-02-08T23:00:04-08:00,0,2
projects/projects.js,183,js,cff3723c,kangyuj0531,2025-02-08,23:00:04,-08:00,2025-02-08T23:00:04-08:00,0,14
projects/projects.js,184,js,cff3723c,kangyuj0531,2025-02-08,23:00:04,-08:00,2025-02-08T23:00:04-08:00,0,14
projects/projects.js,185,js,cff3723c,kangyuj0531,2025-02-08,23:00:04,-08:00,2025-02-08T23:00:04-08:00,0,23
projects/projects.js,186,js,cff3723c,kangyuj0531,2025-02-08,23:00:04,-08:00,2025-02-08T23:00:04-08:00,0,19
projects/projects.js,187,js,cff3723c,kangyuj0531,2025-02-08,23:00:04,-08:00,2025-02-08T23:00:04-08:00,0,44
projects/projects.js,188,js,cff3723c,kangyuj0531,2025-02-08,23:00:04,-08:00,2025-02-08T23:00:04-08:00,0,0
projects/projects.js,189,js,cff3723c,kangyuj0531,2025-02-08,23:00:04,-08:00,2025-02-08T23:00:04-08:00,0,2
projects/projects.js,190,js,cff3723c,kangyuj0531,2025-02-08,23:00:04,-08:00,2025-02-08T23:00:04-08:00,0,17
projects/projects.js,191,js,cff3723c,kangyuj0531,2025-02-08,23:00:04,-08:00,2025-02-08T23:00:04-08:00,0,69
projects/projects.js,192,js,cff3723c,kangyuj0531,2025-02-08,23:00:04,-08:00,2025-02-08T23:00:04-08:00,0,0
projects/projects.js,193,js,cff3723c,kangyuj0531,2025-02-08,23:00:04,-08:00,2025-02-08T23:00:04-08:00,0,5
projects/projects.js,194,js,cff3723c,kangyuj0531,2025-02-08,23:00:04,-08:00,2025-02-08T23:00:04-08:00,0,15
projects/projects.js,195,js,cff3723c,kangyuj0531,2025-02-08,23:00:04,-08:00,2025-02-08T23:00:04-08:00,0,69
projects/projects.js,196,js,cff3723c,kangyuj0531,2025-02-08,23:00:04,-08:00,2025-02-08T23:00:04-08:00,0,0
projects/projects.js,197,js,cff3723c,kangyuj0531,2025-02-08,23:00:04,-08:00,2025-02-08T23:00:04-08:00,0,26
projects/projects.js,198,js,cff3723c,kangyuj0531,2025-02-08,23:00:04,-08:00,2025-02-08T23:00:04-08:00,0,54
projects/projects.js,199,js,cff3723c,kangyuj0531,2025-02-08,23:00:04,-08:00,2025-02-08T23:00:04-08:00,0,7
projects/projects.js,200,js,cff3723c,kangyuj0531,2025-02-08,23:00:04,-08:00,2025-02-08T23:00:04-08:00,0,44
projects/projects.js,201,js,cff3723c,kangyuj0531,2025-02-08,23:00:04,-08:00,2025-02-08T23:00:04-08:00,0,85
projects/projects.js,202,js,cff3723c,kangyuj0531,2025-02-08,23:00:04,-08:00,2025-02-08T23:00:04-08:00,0,57
projects/projects.js,203,js,cff3723c,kangyuj0531,2025-02-08,23:00:04,-08:00,2025-02-08T23:00:04-08:00,0,0
projects/projects.js,204,js,cff3723c,kangyuj0531,2025-02-08,23:00:04,-08:00,2025-02-08T23:00:04-08:00,0,2
projects/projects.js,205,js,cff3723c,kangyuj0531,2025-02-08,23:00:04,-08:00,2025-02-08T23:00:04-08:00,0,2
projects/projects.js,206,js,cff3723c,kangyuj0531,2025-02-08,23:00:04,-08:00,2025-02-08T23:00:04-08:00,0,0
projects/index.html,1,html,799139e3,kangyuj0531,2025-01-10,01:10:25,-08:00,2025-01-10T01:10:25-08:00,0,14
projects/index.html,2,html,b6113b19,kangyuj0531,2025-01-24,23:58:40,-08:00,2025-01-24T23:58:40-08:00,0,15
projects/index.html,3,html,799139e3,kangyuj0531,2025-01-10,01:10:25,-08:00,2025-01-10T01:10:25-08:00,0,5
projects/index.html,4,html,799139e3,kangyuj0531,2025-01-10,01:10:25,-08:00,2025-01-10T01:10:25-08:00,0,21
projects/index.html,5,html,799139e3,kangyuj0531,2025-01-10,01:10:25,-08:00,2025-01-10T01:10:25-08:00,0,69
projects/index.html,6,html,799139e3,kangyuj0531,2025-01-10,01:10:25,-08:00,2025-01-10T01:10:25-08:00,0,21
projects/index.html,7,html,fc07d2e6,kangyuj0531,2025-01-17,17:13:04,-08:00,2025-01-17T17:13:04-08:00,0,42
projects/index.html,8,html,409fffeb,kangyuj0531,2025-01-24,22:29:52,-08:00,2025-01-24T22:29:52-08:00,0,49
projects/index.html,9,html,889711e3,kangyuj0531,2025-01-31,23:16:23,-08:00,2025-01-31T23:16:23-08:00,0,48
projects/index.html,10,html,799139e3,kangyuj0531,2025-01-10,01:10:25,-08:00,2025-01-10T01:10:25-08:00,0,6
projects/index.html,11,html,799139e3,kangyuj0531,2025-01-10,01:10:25,-08:00,2025-01-10T01:10:25-08:00,0,5
projects/index.html,12,html,889711e3,kangyuj0531,2025-01-31,23:16:23,-08:00,2025-01-31T23:16:23-08:00,0,39
projects/index.html,13,html,c9fb0ccf,kangyuj0531,2025-02-07,21:44:59,-08:00,2025-02-07T21:44:59-08:00,0,22
projects/index.html,14,html,c9fb0ccf,kangyuj0531,2025-02-07,21:44:59,-08:00,2025-02-07T21:44:59-08:00,0,53
projects/index.html,15,html,c9fb0ccf,kangyuj0531,2025-02-07,21:44:59,-08:00,2025-02-07T21:44:59-08:00,0,16
projects/index.html,16,html,c9fb0ccf,kangyuj0531,2025-02-07,21:44:59,-08:00,2025-02-07T21:44:59-08:00,0,5
projects/index.html,17,html,c9fb0ccf,kangyuj0531,2025-02-07,21:44:59,-08:00,2025-02-07T21:44:59-08:00,0,18
projects/index.html,18,html,c9fb0ccf,kangyuj0531,2025-02-07,21:44:59,-08:00,2025-02-07T21:44:59-08:00,0,14
projects/index.html,19,html,c9fb0ccf,kangyuj0531,2025-02-07,21:44:59,-08:00,2025-02-07T21:44:59-08:00,0,4
projects/index.html,20,html,c9fb0ccf,kangyuj0531,2025-02-07,21:44:59,-08:00,2025-02-07T21:44:59-08:00,0,5
projects/index.html,21,html,bc197109,kangyuj0531,2025-02-08,22:23:48,-08:00,2025-02-08T22:23:48-08:00,0,5
projects/index.html,22,html,bc197109,kangyuj0531,2025-02-08,22:23:48,-08:00,2025-02-08T22:23:48-08:00,0,16
projects/index.html,23,html,bc197109,kangyuj0531,2025-02-08,22:23:48,-08:00,2025-02-08T22:23:48-08:00,0,12
projects/index.html,24,html,bc197109,kangyuj0531,2025-02-08,22:23:48,-08:00,2025-02-08T22:23:48-08:00,0,27
projects/index.html,25,html,bc197109,kangyuj0531,2025-02-08,22:23:48,-08:00,2025-02-08T22:23:48-08:00,0,32
projects/index.html,26,html,bc197109,kangyuj0531,2025-02-08,22:23:48,-08:00,2025-02-08T22:23:48-08:00,0,1
projects/index.html,27,html,fc07d2e6,kangyuj0531,2025-01-17,17:13:04,-08:00,2025-01-17T17:13:04-08:00,0,21
projects/index.html,28,html,c9fb0ccf,kangyuj0531,2025-02-07,21:44:59,-08:00,2025-02-07T21:44:59-08:00,0,50
projects/index.html,29,html,fc07d2e6,kangyuj0531,2025-01-17,17:13:04,-08:00,2025-01-17T17:13:04-08:00,0,5
projects/index.html,30,html,799139e3,kangyuj0531,2025-01-10,01:10:25,-08:00,2025-01-10T01:10:25-08:00,0,6
projects/index.html,31,html,799139e3,kangyuj0531,2025-01-10,01:10:25,-08:00,2025-01-10T01:10:25-08:00,0,6
contact/index.html,1,html,799139e3,kangyuj0531,2025-01-10,01:10:25,-08:00,2025-01-10T01:10:25-08:00,0,14
contact/index.html,2,html,b6113b19,kangyuj0531,2025-01-24,23:58:40,-08:00,2025-01-24T23:58:40-08:00,0,15
contact/index.html,3,html,799139e3,kangyuj0531,2025-01-10,01:10:25,-08:00,2025-01-10T01:10:25-08:00,0,5
contact/index.html,4,html,799139e3,kangyuj0531,2025-01-10,01:10:25,-08:00,2025-01-10T01:10:25-08:00,0,21
contact/index.html,5,html,799139e3,kangyuj0531,2025-01-10,01:10:25,-08:00,2025-01-10T01:10:25-08:00,0,69
contact/index.html,6,html,799139e3,kangyuj0531,2025-01-10,01:10:25,-08:00,2025-01-10T01:10:25-08:00,0,21
contact/index.html,7,html,fc07d2e6,kangyuj0531,2025-01-17,17:13:04,-08:00,2025-01-17T17:13:04-08:00,0,42
contact/index.html,8,html,409fffeb,kangyuj0531,2025-01-24,22:29:52,-08:00,2025-01-24T22:29:52-08:00,0,49
contact/index.html,9,html,b58b39f2,kangyuj0531,2025-01-17,01:08:52,-08:00,2025-01-17T01:08:52-08:00,0,0
contact/index.html,10,html,799139e3,kangyuj0531,2025-01-10,01:10:25,-08:00,2025-01-10T01:10:25-08:00,0,6
contact/index.html,11,html,799139e3,kangyuj0531,2025-01-10,01:10:25,-08:00,2025-01-10T01:10:25-08:00,0,5
contact/index.html,12,html,799139e3,kangyuj0531,2025-01-10,01:10:25,-08:00,2025-01-10T01:10:25-08:00,0,15
contact/index.html,13,html,eaad2bb1,kangyuj0531,2025-01-24,23:19:03,-08:00,2025-01-24T23:19:03-08:00,0,50
contact/index.html,14,html,eaad2bb1,kangyuj0531,2025-01-24,23:19:03,-08:00,2025-01-24T23:19:03-08:00,0,25
contact/index.html,15,html,eaad2bb1,kangyuj0531,2025-01-24,23:19:03,-08:00,2025-01-24T23:19:03-08:00,0,47
contact/index.html,16,html,799139e3,kangyuj0531,2025-01-10,01:10:25,-08:00,2025-01-10T01:10:25-08:00,0,0
contact/index.html,17,html,799139e3,kangyuj0531,2025-01-10,01:10:25,-08:00,2025-01-10T01:10:25-08:00,0,22
contact/index.html,18,html,799139e3,kangyuj0531,2025-01-10,01:10:25,-08:00,2025-01-10T01:10:25-08:00,0,46
contact/index.html,19,html,799139e3,kangyuj0531,2025-01-10,01:10:25,-08:00,2025-01-10T01:10:25-08:00,0,0
contact/index.html,20,html,799139e3,kangyuj0531,2025-01-10,01:10:25,-08:00,2025-01-10T01:10:25-08:00,0,19
contact/index.html,21,html,fc07d2e6,kangyuj0531,2025-01-17,17:13:04,-08:00,2025-01-17T17:13:04-08:00,0,32
contact/index.html,22,html,799139e3,kangyuj0531,2025-01-10,01:10:25,-08:00,2025-01-10T01:10:25-08:00,0,0
contact/index.html,23,html,799139e3,kangyuj0531,2025-01-10,01:10:25,-08:00,2025-01-10T01:10:25-08:00,0,22
contact/index.html,24,html,799139e3,kangyuj0531,2025-01-10,01:10:25,-08:00,2025-01-10T01:10:25-08:00,0,6
contact/index.html,25,html,799139e3,kangyuj0531,2025-01-10,01:10:25,-08:00,2025-01-10T01:10:25-08:00,0,6
contact/index.html,26,html,799139e3,kangyuj0531,2025-01-10,01:10:25,-08:00,2025-01-10T01:10:25-08:00,0,6
